series_name,episode_num,episode_date,episode_url,episode_file_path_mp3
200th Episode Celebration Trilogy,1,2019-06-17,https://www.voxologypodcast.com/200-the-future-of-the-american-church-with-skye-jethani/,catalog/200-the-future-of-the-american-church-with-skye-jethani.mp3
400th Episode Celebration Trilogy,1,2023-04-23,https://www.voxologypodcast.com/400-the-future-of-the-church-with-skye-jethani/,catalog/400-the-future-of-the-church-with-skye-jethani.mp3
400th Episode Celebration Trilogy,2,2023-04-30,https://www.voxologypodcast.com/401-the-history-of-the-church-with-phil-vischer/,catalog/401-the-history-of-the-church-with-phil-vischer.mp3
400th Episode Celebration Trilogy,3,2023-05-07,https://www.voxologypodcast.com/402-church-the-next-generation-with-kaitlyn-schiess/,catalog/402-church-the-next-generation-with-kaitlyn-schiess.mp3
Abortion,3,2019-02-12,https://www.voxologypodcast.com/182-beyond-the-politics-of-abortion/,catalog/182-beyond-the-politics-of-abortion.mp3
Abortion,4,2019-02-18,https://www.voxologypodcast.com/183-infanticide-abortion-and-how-the-early-church-changed-the-world/,catalog/183-infanticide-abortion-and-how-the-early-church-changed-the-world.mp3
Abortion,5,2019-02-25,https://www.voxologypodcast.com/184-being-pro-life-is-more-than-just-being-pro-baby-with-bonnie-lewis/,catalog/184-being-pro-life-is-more-than-just-being-pro-baby-with-bonnie-lewis.mp3
Agreeing to Disagree on LGBTQ Issues,2,2016-12-05,https://www.voxologypodcast.com/57-lgbtq-when-can-we-agree-to-disagree/,catalog/57-lgbtq-when-can-we-agree-to-disagree.mp3
"All Things New - Sex, Love, and God",1,2017-08-07,https://www.voxologypodcast.com/106-made-in-the-image-sex-love-and-god-part-1/,catalog/106-made-in-the-image-sex-love-and-god-part-1.mp3
"All Things New - Sex, Love, and God",2,2017-08-14,https://www.voxologypodcast.com/107-i-delight-to-sit-in-his-shade-sex-love-and-god-part-2/,catalog/107-i-delight-to-sit-in-his-shade-sex-love-and-god-part-2.mp3
"All Things New - Sex, Love, and God",3,2017-08-21,https://www.voxologypodcast.com/108-do-not-stare-at-me-sex-love-and-god-part-3/,catalog/108-do-not-stare-at-me-sex-love-and-god-part-3.mp3
"All Things New - Sex, Love, and God",4,2017-08-28,https://www.voxologypodcast.com/110-the-tornado-of-death-sex-love-and-god-part-4/,catalog/110-the-tornado-of-death-sex-love-and-god-part-4.mp3
"All Things New - Sex, Love, and God",5,2017-09-10,https://www.voxologypodcast.com/112-what-does-the-fox-say-sex-love-and-god-part-5/,catalog/112-what-does-the-fox-say-sex-love-and-god-part-5.mp3
"All Things New - Sex, Love, and God",6,2017-09-25,https://www.voxologypodcast.com/114-what-god-has-joined-together-sex-love-and-god-part-6/,catalog/114-what-god-has-joined-together-sex-love-and-god-part-6.mp3
"All Things New - Sex, Love, and God",7,2017-10-09,https://www.voxologypodcast.com/116-the-design-of-sexuality-sex-love-and-god-part-7/,catalog/116-the-design-of-sexuality-sex-love-and-god-part-7.mp3
"All Things New - Sex, Love, and God",8,2017-10-23,https://www.voxologypodcast.com/119-communicating-passion-and-desire-with-tim-muehlhoff-sex-love-and-god-part-8/,catalog/119-communicating-passion-and-desire-with-tim-muehlhoff-sex-love-and-god-part-8.mp3
"All Things New - Sex, Love, and God",9,2017-11-29,https://www.voxologypodcast.com/124-all-things-new-sex-love-and-god-part-9/,catalog/124-all-things-new-sex-love-and-god-part-9.mp3
Andy Savage and #ChurchToo,1,2018-01-15,https://www.voxologypodcast.com/128-andy-savage-and-churchtoo/,catalog/128-andy-savage-and-churchtoo.mp3
Articulating the Story,1,2021-04-04,https://www.voxologypodcast.com/290-making-all-things-new/,catalog/290-making-all-things-new.mp3
Articulating the Story,2,2021-04-11,https://www.voxologypodcast.com/291-the-fires-of-new-creation/,catalog/291-the-fires-of-new-creation.mp3
Articulating the Story,3,2021-04-18,https://www.voxologypodcast.com/292-darkness-on-the-edge-of-town/,catalog/292-darkness-on-the-edge-of-town.mp3
Being a Community of Justice,1,2025-02-16,https://www.voxologypodcast.com/495-justice-is-the-restoration-of-shalom/,catalog/495-justice-is-the-restoration-of-shalom.m4a
Being a Community of Justice,2,2025-02-24,https://www.voxologypodcast.com/496-social-justice-as-a-core-aspect-of-the-gospel/,catalog/496-social-justice-as-a-core-aspect-of-the-gospel.m4a
Centered Set Church Q&A,2,2022-03-22,https://www.voxologypodcast.com/342-bonus-episode-centered-set-church-with-dr-mark-d-baker/,catalog/342-bonus-episode-centered-set-church-with-dr-mark-d-baker.mp3
Challenging Biblical Masculinity,1,2022-10-23,https://www.voxologypodcast.com/374-man-up/,catalog/374-man-up.mp3
Challenging Biblical Masculinity,2,2022-11-06,https://www.voxologypodcast.com/376-man-down/,catalog/376-man-down.mp3
Challenging Biblical Masculinity,3,2022-11-13,https://www.voxologypodcast.com/377-woman-up/,catalog/377-woman-up.mp3
Culture Warring,3,2022-05-08,https://www.voxologypodcast.com/350-culture-warring/,catalog/350-culture-warring.mp3
Disappointment with God,1,2023-11-19,https://www.voxologypodcast.com/430-the-god-who-disappoints-everyone/,catalog/430-the-god-who-disappoints-everyone.mp3
Disappointment with God,2,2023-11-26,https://www.voxologypodcast.com/431-the-only-way-out-is-through/,catalog/431-the-only-way-out-is-through.mp3
Does God Cause Suffering,1,2016-09-14,https://www.voxologypodcast.com/35-does-god-cause-suffering-part-1/,catalog/35-does-god-cause-suffering-part-1.mp3
Does God Cause Suffering,2,2016-09-14,https://www.voxologypodcast.com/37-does-god-cause-suffering-part-2/,catalog/37-does-god-cause-suffering-part-2.mp3
Election Focus,1,2020-10-26,https://www.voxologypodcast.com/267-the-liturgy-of-politics-with-kaitlyn-schiess/,catalog/267-the-liturgy-of-politics-with-kaitlyn-schiess.mp3
Election Focus,2,2020-11-02,https://www.voxologypodcast.com/268-what-does-it-really-mean-to-vote-pro-life-with-skye-jethani/,catalog/268-what-does-it-really-mean-to-vote-pro-life-with-skye-jethani.mp3
Elohim Series,1,2021-06-06,https://www.voxologypodcast.com/299-when-good-gods-go-bad/,catalog/299-when-good-gods-go-bad.mp3
Embarrassed by the Bible,1,2017-05-22,https://www.voxologypodcast.com/88-embarrassed-by-the-bible-wives-submit-to-your-husbands/,catalog/88-embarrassed-by-the-bible-wives-submit-to-your-husbands.mp3
Embarrassed by the Bible,2,2017-06-12,https://www.voxologypodcast.com/93-what-is-the-bible-guest-rob-bell-explains/,catalog/93-what-is-the-bible-guest-rob-bell-explains.mp3
Embarrassed by the Bible,3,2017-10-16,https://www.voxologypodcast.com/118-embarrassed-by-the-bible-divorce/,catalog/118-embarrassed-by-the-bible-divorce.mp3
Exile,1,2024-12-08,https://www.voxologypodcast.com/485-exiles-on-main-street/,catalog/485-exiles-on-main-street.m4a
Exile,2,2025-01-05,https://www.voxologypodcast.com/489-navigating-exile-a-new-political-identity/,catalog/489-navigating-exile-a-new-political-identity.m4a
Exile,3,2024-12-29,https://www.voxologypodcast.com/488-good-trouble/,catalog/488-good-trouble.m4a
Exile,4,2024-12-22,https://www.voxologypodcast.com/487-preparing-the-way/,catalog/487-preparing-the-way.m4a
Exile,5,2024-12-15,https://www.voxologypodcast.com/486-a-kingdom-of-exiles/,catalog/486-a-kingdom-of-exiles.m4a
Exile,6,2025-01-12,https://www.voxologypodcast.com/490-we-are-caesar/,catalog/490-we-are-caesar.m4a
Exile Series,1,2025-02-02,https://www.voxologypodcast.com/493-a-communal-salvation/,catalog/493-a-communal-salvation.m4a
Exiles in the Church,3,2021-07-04,https://www.voxologypodcast.com/303-exiles-in-the-church/,catalog/303-exiles-in-the-church.mp3
Faith and Doubt,1,2016-09-14,https://www.voxologypodcast.com/16-faith-and-doubt/,catalog/16-faith-and-doubt.mp3
Faith and Doubt,2,2016-09-14,https://www.voxologypodcast.com/17-the-necessity-for-doubt-faith-and-doubt-part-2/,catalog/17-the-necessity-for-doubt-faith-and-doubt-part-2.mp3
Faith and Doubt,3,2016-09-14,https://www.voxologypodcast.com/19-how-can-i-say-i-believe-if-faith-and-doubt-part-3/,catalog/19-how-can-i-say-i-believe-if-faith-and-doubt-part-3.mp3
Gospel Gombis,1,2023-01-15,https://www.voxologypodcast.com/386-gospel-and-gombis-part-one/,catalog/386-gospel-and-gombis-part-one.mp3
Gospel Gombis,2,2023-02-19,https://www.voxologypodcast.com/391-gospel-gombis-part-two/,catalog/391-gospel-gombis-part-two.mp3
Gospel Gombis,3,2023-04-16,https://www.voxologypodcast.com/399-gospel-gombis-part-three/,catalog/399-gospel-gombis-part-three.mp3
Gospel Gombis,4,2023-07-02,https://www.voxologypodcast.com/410-gospel-gombis-part-four/,catalog/410-gospel-gombis-part-four.mp3
Gospel Gombis,5,2024-01-28,https://www.voxologypodcast.com/440-gospel-gombis-part-five/,catalog/440-gospel-gombis-part-five.mp3
"Grief, Loss, and Disappointment with God",2,2016-09-13,https://www.voxologypodcast.com/6-reality-bites-grief-loss-and-dissapointment-with-god-guest-bonnielewis/,catalog/6-reality-bites-grief-loss-and-dissapointment-with-god-guest-bonnielewis.mp3
How To Read The New Testament,1,2016-09-14,https://www.voxologypodcast.com/44-how-to-read-the-new-testament-women-islam-slavery-and-homosexuality/,catalog/44-how-to-read-the-new-testament-women-islam-slavery-and-homosexuality.mp3
How To Read The New Testament,2,2016-09-14,https://www.voxologypodcast.com/45-how-to-read-the-new-testament-pt-2-collectivism-and-your-personal-relationship-with-jesus/,catalog/45-how-to-read-the-new-testament-pt-2-collectivism-and-your-personal-relationship-with-jesus.mp3
Hypocrisy,1,2020-11-08,https://www.voxologypodcast.com/269-election-cliches-hypocrisy-evangelical-politics/,catalog/269-election-cliches-hypocrisy-evangelical-politics.mp3
Hypocrisy,2,2020-11-15,https://www.voxologypodcast.com/270-keeping-up-appearances/,catalog/270-keeping-up-appearances.mp3
INDEPENDENT,1,2025-05-12,https://www.voxologypodcast.com/the-corruption-of-biblical-leadership/,catalog/the-corruption-of-biblical-leadership.mp3
INDEPENDENT,2,2025-06-02,https://www.voxologypodcast.com/the-bible-as-a-cross-cultural-experience/,catalog/the-bible-as-a-cross-cultural-experience.mp3
INDEPENDENT,3,2025-04-28,https://www.voxologypodcast.com/a-teachable-spirit-the-virtue-of-learning-from-strangers-enemies-and-absolutely-anyone-w-a-j/,catalog/a-teachable-spirit-the-virtue-of-learning-from-strangers-enemies-and-absolutely-anyone-w-a-j.mp3
INDEPENDENT,4,2025-04-21,https://www.voxologypodcast.com/why-did-jesus-have-to-die-understanding-the-wages-of-sin-and-sacrifice/,catalog/why-did-jesus-have-to-die-understanding-the-wages-of-sin-and-sacrifice.mp3
INDEPENDENT,5,2025-03-31,https://www.voxologypodcast.com/the-anti-greed-gospel-w-dr-malcolm-foley/,catalog/the-anti-greed-gospel-w-dr-malcolm-foley.m4a
INDEPENDENT,6,2025-03-24,https://www.voxologypodcast.com/two-kinds-of-christians/,catalog/two-kinds-of-christians.m4a
INDEPENDENT,7,2025-03-17,https://www.voxologypodcast.com/the-affections-of-christ-jesus-w-nijay-gupta/,catalog/the-affections-of-christ-jesus-w-nijay-gupta.m4a
INDEPENDENT,8,2025-03-10,https://www.voxologypodcast.com/bridging-the-gap-justice-in-the-church-w-sarah-pechan-driver/,catalog/bridging-the-gap-justice-in-the-church-w-sarah-pechan-driver.m4a
INDEPENDENT,9,2025-03-03,https://www.voxologypodcast.com/understanding-grace-as-a-social-dynamic/,catalog/understanding-grace-as-a-social-dynamic.m4a
INDEPENDENT,10,2025-02-09,https://www.voxologypodcast.com/494-the-repairing-of-shalom/,catalog/494-the-repairing-of-shalom.m4a
INDEPENDENT,11,2025-01-26,https://www.voxologypodcast.com/492-the-road-more-traveled/,catalog/492-the-road-more-traveled.m4a
INDEPENDENT,12,2024-12-01,https://www.voxologypodcast.com/484-are-there-limits-to-hospitality-w-dr-timothy-gombis/,catalog/484-are-there-limits-to-hospitality-w-dr-timothy-gombis.m4a
INDEPENDENT,13,2024-11-24,https://www.voxologypodcast.com/483-signs-of-a-healthy-church/,catalog/483-signs-of-a-healthy-church.m4a
INDEPENDENT,14,2024-11-17,https://www.voxologypodcast.com/482-guerrilla-radio/,catalog/482-guerrilla-radio.m4a
INDEPENDENT,15,2024-11-12,https://www.voxologypodcast.com/the-sermon-on-the-mount/,catalog/the-sermon-on-the-mount.m4a
INDEPENDENT,16,2024-11-10,https://www.voxologypodcast.com/481-when-we-want-a-king/,catalog/481-when-we-want-a-king.m4a
INDEPENDENT,17,2024-11-03,https://www.voxologypodcast.com/480-electioneering-2024-w-pastor-suzie-p-lind/,catalog/480-electioneering-2024-w-pastor-suzie-p-lind.m4a
INDEPENDENT,18,2024-10-27,https://www.voxologypodcast.com/479-the-momentum-of-sin-live-ish-to-be-human-26/,catalog/479-the-momentum-of-sin-live-ish-to-be-human-26.m4a
INDEPENDENT,19,2024-08-25,https://www.voxologypodcast.com/470-a-violent-god-with-dr-timothy-gombis/,catalog/470-a-violent-god-with-dr-timothy-gombis.m4a
INDEPENDENT,20,2024-08-04,https://www.voxologypodcast.com/467-outrage-against-the-machine/,catalog/467-outrage-against-the-machine.m4a
INDEPENDENT,21,2024-07-21,https://www.voxologypodcast.com/465-love-is-a-battlefield/,catalog/465-love-is-a-battlefield.m4a
INDEPENDENT,22,2024-05-12,https://www.voxologypodcast.com/455-mental-illness-spiritual-formation-with-lauren-king-dave-verhaagen-and-kevin-dixon/,catalog/455-mental-illness-spiritual-formation-with-lauren-king-dave-verhaagen-and-kevin-dixon.mp3
INDEPENDENT,23,2024-05-05,https://www.voxologypodcast.com/454-power-in-weakness-with-pastor-suzie-p-lind-dr-timothy-gombis/,catalog/454-power-in-weakness-with-pastor-suzie-p-lind-dr-timothy-gombis.mp3
INDEPENDENT,24,2024-04-14,https://www.voxologypodcast.com/451-how-should-we-be-political-with-dr-timothy-gombis/,catalog/451-how-should-we-be-political-with-dr-timothy-gombis.mp3
INDEPENDENT,25,2024-03-03,https://www.voxologypodcast.com/445-chapstick-for-the-soul-with-suzie-p-lind/,catalog/445-chapstick-for-the-soul-with-suzie-p-lind.mp3
INDEPENDENT,26,2024-02-25,https://www.voxologypodcast.com/444-strange-religion-with-dr-nijay-gupta/,catalog/444-strange-religion-with-dr-nijay-gupta.mp3
INDEPENDENT,27,2024-02-20,https://www.voxologypodcast.com/443-growing-kids-gods-way/,catalog/443-growing-kids-gods-way.mp3
INDEPENDENT,28,2024-02-04,https://www.voxologypodcast.com/441-for-the-good-of-the-field/,catalog/441-for-the-good-of-the-field.mp3
INDEPENDENT,29,2023-12-17,https://www.voxologypodcast.com/434-practicing-the-way-with-john-mark-comer/,catalog/434-practicing-the-way-with-john-mark-comer.mp3
INDEPENDENT,30,2023-12-03,https://www.voxologypodcast.com/432-the-god-who-hides/,catalog/432-the-god-who-hides.mp3
INDEPENDENT,31,2023-10-19,https://www.voxologypodcast.com/prayers-of-the-people/,catalog/prayers-of-the-people.m4a
INDEPENDENT,32,2023-10-08,https://www.voxologypodcast.com/424-the-academy-of-jesus-with-dave-gibbons/,catalog/424-the-academy-of-jesus-with-dave-gibbons.mp3
INDEPENDENT,33,2023-08-20,https://www.voxologypodcast.com/417-center-set-sexuality-with-suzie-p-lind/,catalog/417-center-set-sexuality-with-suzie-p-lind.mp3
INDEPENDENT,34,2023-08-13,https://www.voxologypodcast.com/416-the-ballot-the-bible-with-kaitlyn-schiess/,catalog/416-the-ballot-the-bible-with-kaitlyn-schiess.mp3
INDEPENDENT,35,2023-07-30,https://www.voxologypodcast.com/414-three-men-a-barbie-with-dr-timothy-gombis-spoilers/,catalog/414-three-men-a-barbie-with-dr-timothy-gombis-spoilers.mp3
INDEPENDENT,36,2023-06-11,https://www.voxologypodcast.com/407-dangerous-jesus-with-kevin-kb-burgess/,catalog/407-dangerous-jesus-with-kevin-kb-burgess.mp3
INDEPENDENT,37,2023-05-21,https://www.voxologypodcast.com/404-raising-girls-to-resist-toxic-teachings-on-sex-self-and-speaking-up-with-sheila-gregoire/,catalog/404-raising-girls-to-resist-toxic-teachings-on-sex-self-and-speaking-up-with-sheila-gregoire.mp3
INDEPENDENT,38,2023-05-14,https://www.voxologypodcast.com/403-flood-fury-with-dr-matthew-lynch/,catalog/403-flood-fury-with-dr-matthew-lynch.mp3
INDEPENDENT,39,2023-04-02,https://www.voxologypodcast.com/397-god-guns-lament-for-another-school-shooting/,catalog/397-god-guns-lament-for-another-school-shooting.mp3
INDEPENDENT,40,2023-03-26,https://www.voxologypodcast.com/396-tell-her-story-with-dr-nijay-gupta/,catalog/396-tell-her-story-with-dr-nijay-gupta.mp3
INDEPENDENT,41,2023-03-19,https://www.voxologypodcast.com/395-reorientation-to-the-center/,catalog/395-reorientation-to-the-center.mp3
INDEPENDENT,42,2023-03-12,https://www.voxologypodcast.com/394-about-that-article-with-suzie-lind-katie-haseltine/,catalog/394-about-that-article-with-suzie-lind-katie-haseltine.mp3
INDEPENDENT,43,2023-02-05,https://www.voxologypodcast.com/389-tyre-nichols-and-police-reform-with-nicholas-sensley/,catalog/389-tyre-nichols-and-police-reform-with-nicholas-sensley.mp3
INDEPENDENT,44,2023-01-08,https://www.voxologypodcast.com/385-celebrities-for-jesus-with-katelyn-beaty/,catalog/385-celebrities-for-jesus-with-katelyn-beaty.mp3
INDEPENDENT,45,2023-01-01,https://www.voxologypodcast.com/384-hope-despair-in-the-new-year-with-pastor-suzie-lind/,catalog/384-hope-despair-in-the-new-year-with-pastor-suzie-lind.mp3
INDEPENDENT,46,2022-12-25,https://www.voxologypodcast.com/383-taking-christ-out-of-christmas-with-pastor-bethany-nass-cseh/,catalog/383-taking-christ-out-of-christmas-with-pastor-bethany-nass-cseh.mp3
INDEPENDENT,47,2022-12-04,https://www.voxologypodcast.com/380-how-white-evangelicals-think-with-dr-dave-verhaagen/,catalog/380-how-white-evangelicals-think-with-dr-dave-verhaagen.mp3
INDEPENDENT,48,2022-11-20,https://www.voxologypodcast.com/378-asking-better-questions-of-the-bible-with-marty-solomon-and-tyler-chernesky/,catalog/378-asking-better-questions-of-the-bible-with-marty-solomon-and-tyler-chernesky.mp3
INDEPENDENT,49,2022-10-30,https://www.voxologypodcast.com/375-how-to-be-a-christian-nationalist-with-kaitlyn-schiess/,catalog/375-how-to-be-a-christian-nationalist-with-kaitlyn-schiess.mp3
INDEPENDENT,50,2022-08-07,https://www.voxologypodcast.com/363-light-part-five-radar-love/,catalog/363-light-part-five-radar-love.mp3
INDEPENDENT,51,2022-07-24,https://www.voxologypodcast.com/361-when-necessary-use-words/,catalog/361-when-necessary-use-words.mp3
INDEPENDENT,52,2022-04-24,https://www.voxologypodcast.com/348-deconstruction-death-depression/,catalog/348-deconstruction-death-depression.mp3
INDEPENDENT,53,2022-04-12,https://www.voxologypodcast.com/346-bonus-episode-how-why-when-with-bethany-nass-cseh/,catalog/346-bonus-episode-how-why-when-with-bethany-nass-cseh.mp3
INDEPENDENT,54,2022-03-06,https://www.voxologypodcast.com/339-heavy-burdens-with-bridget-eileen-rivera/,catalog/339-heavy-burdens-with-bridget-eileen-rivera.mp3
INDEPENDENT,55,2022-02-23,https://www.voxologypodcast.com/337-unified-mailbag/,catalog/337-unified-mailbag.mp3
INDEPENDENT,56,2022-01-16,https://www.voxologypodcast.com/331-a-conversation-on-the-death-penalty-with-renee-monzon/,catalog/331-a-conversation-on-the-death-penalty-with-renee-monzon.mp3
INDEPENDENT,57,2022-01-02,https://www.voxologypodcast.com/329-santa-satan-the-unforgivable-sin/,catalog/329-santa-satan-the-unforgivable-sin.mp3
INDEPENDENT,58,2021-12-26,https://www.voxologypodcast.com/328-focus-on-jesus/,catalog/328-focus-on-jesus.mp3
INDEPENDENT,59,2021-12-12,https://www.voxologypodcast.com/326-recovering-from-biblical-manhood-and-womanhood-with-aimee-byrd/,catalog/326-recovering-from-biblical-manhood-and-womanhood-with-aimee-byrd.mp3
INDEPENDENT,60,2021-12-05,https://www.voxologypodcast.com/325-deconstructing-deconstruction-with-joshua-ryan-butler/,catalog/325-deconstructing-deconstruction-with-joshua-ryan-butler.mp3
INDEPENDENT,61,2021-11-28,https://www.voxologypodcast.com/324-deconstructing-with-friends-family/,catalog/324-deconstructing-with-friends-family.mp3
INDEPENDENT,62,2021-11-22,https://www.voxologypodcast.com/323-what-causes-deconstruction/,catalog/323-what-causes-deconstruction.mp3
INDEPENDENT,63,2021-11-14,https://www.voxologypodcast.com/322-the-limits-of-church-unity-with-dr-timothy-gombis/,catalog/322-the-limits-of-church-unity-with-dr-timothy-gombis.mp3
INDEPENDENT,64,2021-10-31,https://www.voxologypodcast.com/320-how-the-subjugation-of-women-became-gospel-truth-with-dr-beth-allison-barr/,catalog/320-how-the-subjugation-of-women-became-gospel-truth-with-dr-beth-allison-barr.mp3
INDEPENDENT,65,2021-10-24,https://www.voxologypodcast.com/319-knowing-gods-will-for-my-life/,catalog/319-knowing-gods-will-for-my-life.mp3
INDEPENDENT,66,2021-10-10,https://www.voxologypodcast.com/317-midnight-mass-with-kaitlyn-schiess/,catalog/317-midnight-mass-with-kaitlyn-schiess.mp3
INDEPENDENT,67,2021-09-26,https://www.voxologypodcast.com/315-gods-justice/,catalog/315-gods-justice.mp3
INDEPENDENT,68,2021-07-11,https://www.voxologypodcast.com/304-the-nature-of-spiritual-abuse-with-dan-koch/,catalog/304-the-nature-of-spiritual-abuse-with-dan-koch.mp3
INDEPENDENT,69,2021-06-27,https://www.voxologypodcast.com/302-lgbtq-and-the-new-creation/,catalog/302-lgbtq-and-the-new-creation.mp3
INDEPENDENT,70,2021-06-20,https://www.voxologypodcast.com/301-masters-of-the-universe/,catalog/301-masters-of-the-universe.mp3
INDEPENDENT,71,2021-06-14,https://www.voxologypodcast.com/300-this-is-voxology-with-bonnie-lewis-shane-claiborne-dr-timothy-gombis/,catalog/300-this-is-voxology-with-bonnie-lewis-shane-claiborne-dr-timothy-gombis.mp3
INDEPENDENT,72,2021-06-09,https://www.voxologypodcast.com/2999-the-new-name-game/,catalog/2999-the-new-name-game.m4a
INDEPENDENT,73,2021-05-30,https://www.voxologypodcast.com/298-they-might-be-giants/,catalog/298-they-might-be-giants.mp3
INDEPENDENT,74,2021-05-23,https://www.voxologypodcast.com/297-should-i-stay-or-should-i-go-with-dr-timothy-gombis/,catalog/297-should-i-stay-or-should-i-go-with-dr-timothy-gombis.mp3
INDEPENDENT,75,2021-05-16,https://www.voxologypodcast.com/296-the-myth-of-the-american-dream-with-dl-mayfield/,catalog/296-the-myth-of-the-american-dream-with-dl-mayfield.mp3
INDEPENDENT,76,2021-05-09,https://www.voxologypodcast.com/295-this-present-darkness/,catalog/295-this-present-darkness.mp3
INDEPENDENT,77,2021-05-02,https://www.voxologypodcast.com/294-rethinking-sin-salvation/,catalog/294-rethinking-sin-salvation.mp3
INDEPENDENT,78,2021-04-25,https://www.voxologypodcast.com/293-misfit-tribe-with-shane-claiborne/,catalog/293-misfit-tribe-with-shane-claiborne.mp3
INDEPENDENT,79,2021-03-28,https://www.voxologypodcast.com/289-the-wheat-the-weeds/,catalog/289-the-wheat-the-weeds.mp3
INDEPENDENT,80,2021-03-21,https://www.voxologypodcast.com/288-holding-space-christian-nation-ism/,catalog/288-holding-space-christian-nation-ism.mp3
INDEPENDENT,81,2021-03-14,https://www.voxologypodcast.com/287-power-in-weakness-with-dr-timothy-gombis/,catalog/287-power-in-weakness-with-dr-timothy-gombis.mp3
INDEPENDENT,82,2021-03-07,https://www.voxologypodcast.com/286-the-road-less-traveled/,catalog/286-the-road-less-traveled.mp3
INDEPENDENT,83,2021-02-28,https://www.voxologypodcast.com/285-how-not-to-read-your-bible-with-dan-kimball/,catalog/285-how-not-to-read-your-bible-with-dan-kimball.mp3
INDEPENDENT,84,2021-02-21,https://www.voxologypodcast.com/284-after-doubt-with-aj-swoboda/,catalog/284-after-doubt-with-aj-swoboda.mp3
INDEPENDENT,85,2021-02-14,https://www.voxologypodcast.com/283-whats-love-got-to-do-with-it/,catalog/283-whats-love-got-to-do-with-it.mp3
INDEPENDENT,86,2021-01-24,https://www.voxologypodcast.com/280-what-we-can-learn-from-flowers-fields/,catalog/280-what-we-can-learn-from-flowers-fields.mp3
INDEPENDENT,87,2021-01-17,https://www.voxologypodcast.com/279-when-unity-isnt-enough-with-dr-timothy-gombis/,catalog/279-when-unity-isnt-enough-with-dr-timothy-gombis.mp3
INDEPENDENT,88,2021-01-03,https://www.voxologypodcast.com/277-a-singular-devotion/,catalog/277-a-singular-devotion.mp3
INDEPENDENT,89,2020-12-27,https://www.voxologypodcast.com/276-requiem-for-2020/,catalog/276-requiem-for-2020.mp3
INDEPENDENT,90,2020-12-20,https://www.voxologypodcast.com/275-the-bible-with-without-jesus-with-dr-amy-jill-levine/,catalog/275-the-bible-with-without-jesus-with-dr-amy-jill-levine.mp3
INDEPENDENT,91,2020-12-13,https://www.voxologypodcast.com/274-the-burden-of-purity-culture-with-bridget-eileen-rivera-tyler-chernesky/,catalog/274-the-burden-of-purity-culture-with-bridget-eileen-rivera-tyler-chernesky.mp3
INDEPENDENT,92,2020-12-06,https://www.voxologypodcast.com/273-christ-capitalism-critical-race-theory-with-dr-timothy-gombis/,catalog/273-christ-capitalism-critical-race-theory-with-dr-timothy-gombis.mp3
INDEPENDENT,93,2020-10-05,https://www.voxologypodcast.com/264-race-abortion-evangelicals-with-phil-vischer/,catalog/264-race-abortion-evangelicals-with-phil-vischer.mp3
INDEPENDENT,94,2020-08-31,https://www.voxologypodcast.com/259-rethinking-the-great-commission-with-dr-timothy-gombis/,catalog/259-rethinking-the-great-commission-with-dr-timothy-gombis.mp3
INDEPENDENT,95,2020-08-17,https://www.voxologypodcast.com/257-christians-qanon-with-skye-jethani/,catalog/257-christians-qanon-with-skye-jethani.mp3
INDEPENDENT,96,2020-07-19,https://www.voxologypodcast.com/253-neither-right-nor-left-nor-religious/,catalog/253-neither-right-nor-left-nor-religious.mp3
INDEPENDENT,97,2020-07-13,https://www.voxologypodcast.com/252-mailbag-apologies-genesis-and-covid-church/,catalog/252-mailbag-apologies-genesis-and-covid-church.mp3
INDEPENDENT,98,2020-07-06,https://www.voxologypodcast.com/251-faith-improvised-with-tim-gombis/,catalog/251-faith-improvised-with-tim-gombis.mp3
INDEPENDENT,99,2020-06-29,https://www.voxologypodcast.com/250-be-the-bridge-with-faitth-brooks/,catalog/250-be-the-bridge-with-faitth-brooks.mp3
INDEPENDENT,100,2020-06-22,https://www.voxologypodcast.com/249-timshel-thou-mayest/,catalog/249-timshel-thou-mayest.mp3
INDEPENDENT,101,2020-06-15,https://www.voxologypodcast.com/248-faith-amidst-pandemic-with-dr-walter-brueggemann/,catalog/248-faith-amidst-pandemic-with-dr-walter-brueggemann.mp3
INDEPENDENT,102,2020-06-08,https://www.voxologypodcast.com/247-understanding-racism-101-with-brit-barron/,catalog/247-understanding-racism-101-with-brit-barron.mp3
INDEPENDENT,103,2020-06-02,https://www.voxologypodcast.com/246-podcast-blackout/,catalog/246-podcast-blackout.mp3
INDEPENDENT,104,2020-06-01,https://www.voxologypodcast.com/245-gospel-allegiance-with-matthew-bates/,catalog/245-gospel-allegiance-with-matthew-bates.mp3
INDEPENDENT,105,2020-05-25,https://www.voxologypodcast.com/244-beating-guns-with-shane-claiborne/,catalog/244-beating-guns-with-shane-claiborne.mp3
INDEPENDENT,106,2020-05-18,https://www.voxologypodcast.com/243-our-good-crisis-with-jonathan-dodson/,catalog/243-our-good-crisis-with-jonathan-dodson.mp3
INDEPENDENT,107,2020-05-11,https://www.voxologypodcast.com/242-daily-bread/,catalog/242-daily-bread.mp3
INDEPENDENT,108,2020-05-04,https://www.voxologypodcast.com/241-how-the-bible-works-with-pete-enns/,catalog/241-how-the-bible-works-with-pete-enns.mp3
INDEPENDENT,109,2020-04-13,https://www.voxologypodcast.com/238-jesus-was-jewish-with-dr-amy-jill-levine/,catalog/238-jesus-was-jewish-with-dr-amy-jill-levine.mp3
INDEPENDENT,110,2020-03-30,https://www.voxologypodcast.com/236-enneagram-for-wholeness-with-annie-dimond/,catalog/236-enneagram-for-wholeness-with-annie-dimond.mp3
INDEPENDENT,111,2020-03-27,https://www.voxologypodcast.com/235-wash-hands-then-wash-feet/,catalog/235-wash-hands-then-wash-feet.mp3
INDEPENDENT,112,2020-03-16,https://www.voxologypodcast.com/233-hell-judgement-ultimate-redemption-with-bradley-jersak/,catalog/233-hell-judgement-ultimate-redemption-with-bradley-jersak.mp3
INDEPENDENT,113,2020-03-09,https://www.voxologypodcast.com/232-old-testament-time-travel-with-dr-cynthia-shafer-elliott/,catalog/232-old-testament-time-travel-with-dr-cynthia-shafer-elliott.mp3
INDEPENDENT,114,2020-03-02,https://www.voxologypodcast.com/231-thou-shalt-not-be-a-jerk-with-eugene-cho/,catalog/231-thou-shalt-not-be-a-jerk-with-eugene-cho.mp3
INDEPENDENT,115,2020-02-24,https://www.voxologypodcast.com/230-politics-of-the-marginalized-with-don-golden/,catalog/230-politics-of-the-marginalized-with-don-golden.mp3
INDEPENDENT,116,2020-02-17,https://www.voxologypodcast.com/229-reconciling-purity-culture-with-dr-celeste-holbrook-rated-pg13/,catalog/229-reconciling-purity-culture-with-dr-celeste-holbrook-rated-pg13.mp3
INDEPENDENT,117,2020-02-10,https://www.voxologypodcast.com/228-a-theology-of-vocation-with-skye-jethani/,catalog/228-a-theology-of-vocation-with-skye-jethani.mp3
INDEPENDENT,118,2020-02-03,https://www.voxologypodcast.com/227-palms-up-with-pastor-jenny-smith/,catalog/227-palms-up-with-pastor-jenny-smith.mp3
INDEPENDENT,119,2020-01-27,https://www.voxologypodcast.com/226-who-are-we-who-we-are-with-tim-gombis/,catalog/226-who-are-we-who-we-are-with-tim-gombis.mp3
INDEPENDENT,120,2020-01-20,https://www.voxologypodcast.com/225-inside-out-w-therapist-elyse-snipes/,catalog/225-inside-out-w-therapist-elyse-snipes.mp3
INDEPENDENT,121,2019-11-25,https://www.voxologypodcast.com/vox-heated-convo-why-we-changed-our-minds-about-women-in-church-leadership-from/,catalog/vox-heated-convo-why-we-changed-our-minds-about-women-in-church-leadership-from.mp3
INDEPENDENT,122,2019-11-18,https://www.voxologypodcast.com/221-the-ruthless-elimination-of-hurry-with-john-mark-comer/,catalog/221-the-ruthless-elimination-of-hurry-with-john-mark-comer.mp3
INDEPENDENT,123,2019-11-11,https://www.voxologypodcast.com/220-what-exactly-are-we-judged-for/,catalog/220-what-exactly-are-we-judged-for.mp3
INDEPENDENT,124,2019-11-08,https://www.voxologypodcast.com/219-women-in-church-leadership-a-complementarian-perspective-with-alan-frow/,catalog/219-women-in-church-leadership-a-complementarian-perspective-with-alan-frow.mp3
INDEPENDENT,125,2019-11-04,https://www.voxologypodcast.com/bonus-episode-an-open-letter-to-the-spiritually-homeless/,catalog/bonus-episode-an-open-letter-to-the-spiritually-homeless.mp3
INDEPENDENT,126,2019-10-28,https://www.voxologypodcast.com/218-john-macarthur-beth-moore-and-how-we-see-women/,catalog/218-john-macarthur-beth-moore-and-how-we-see-women.mp3
INDEPENDENT,127,2019-10-22,https://www.voxologypodcast.com/bonus-episode-where-are-you-empty/,catalog/bonus-episode-where-are-you-empty.mp3
INDEPENDENT,128,2019-10-14,https://www.voxologypodcast.com/217-the-future-of-the-vox-podcast-special-announcement-for-columbus-listeners/,catalog/217-the-future-of-the-vox-podcast-special-announcement-for-columbus-listeners.mp3
INDEPENDENT,129,2019-10-07,https://www.voxologypodcast.com/216-why-sermons-should-no-longer-be-central-with-skye-jethani/,catalog/216-why-sermons-should-no-longer-be-central-with-skye-jethani.mp3
INDEPENDENT,130,2019-09-30,https://www.voxologypodcast.com/215-tim-gombis-absolutely-blew-our-minds-about-why-jesus-had-to-die/,catalog/215-tim-gombis-absolutely-blew-our-minds-about-why-jesus-had-to-die.mp3
INDEPENDENT,131,2019-09-23,https://www.voxologypodcast.com/214-church-leadership-and-a-theology-of-mental-illness/,catalog/214-church-leadership-and-a-theology-of-mental-illness.mp3
INDEPENDENT,132,2019-09-16,https://www.voxologypodcast.com/213-reframing-the-way-we-see-and-talk-about-jesus-alan-hirsch-and-mark-nelson/,catalog/213-reframing-the-way-we-see-and-talk-about-jesus-alan-hirsch-and-mark-nelson.mp3
INDEPENDENT,133,2019-09-02,https://www.voxologypodcast.com/211-healing-the-wounds-of-sexual-abuse-with-elaine-heath/,catalog/211-healing-the-wounds-of-sexual-abuse-with-elaine-heath.mp3
INDEPENDENT,134,2019-08-26,https://www.voxologypodcast.com/210-the-church-as-an-enemy-making-machine-with-david-fitch/,catalog/210-the-church-as-an-enemy-making-machine-with-david-fitch.mp3
INDEPENDENT,135,2019-08-19,https://www.voxologypodcast.com/209-when-christians-lose-their-faith/,catalog/209-when-christians-lose-their-faith.mp3
INDEPENDENT,136,2019-08-12,https://www.voxologypodcast.com/208-paul-and-politics-with-tim-gombis/,catalog/208-paul-and-politics-with-tim-gombis.mp3
INDEPENDENT,137,2019-08-06,https://www.voxologypodcast.com/207-white-supremacy-guns-and-mass-shootings/,catalog/207-white-supremacy-guns-and-mass-shootings.mp3
INDEPENDENT,138,2019-07-30,https://www.voxologypodcast.com/206-jesus-was-not-a-racist-why-context-matters/,catalog/206-jesus-was-not-a-racist-why-context-matters.mp3
INDEPENDENT,139,2019-07-23,https://www.voxologypodcast.com/205-misreading-romans-with-sylvia-keesmaat-and-brian-walsh/,catalog/205-misreading-romans-with-sylvia-keesmaat-and-brian-walsh.mp3
INDEPENDENT,140,2019-07-15,https://www.voxologypodcast.com/204-the-immigration-crisis-with-matthew-soerens/,catalog/204-the-immigration-crisis-with-matthew-soerens.mp3
INDEPENDENT,141,2019-07-01,https://www.voxologypodcast.com/202-vox-mailbag-on-being-spiritually-homeless/,catalog/202-vox-mailbag-on-being-spiritually-homeless.mp3
INDEPENDENT,142,2019-06-24,https://www.voxologypodcast.com/201-misunderstanding-paul-with-tim-gombis/,catalog/201-misunderstanding-paul-with-tim-gombis.mp3
INDEPENDENT,143,2019-06-21,https://www.voxologypodcast.com/bonus-sermon-episode-shameless-audacity/,catalog/bonus-sermon-episode-shameless-audacity.mp3
INDEPENDENT,144,2019-05-28,https://www.voxologypodcast.com/197-when-theology-becomes-harmful/,catalog/197-when-theology-becomes-harmful.mp3
INDEPENDENT,145,2019-05-20,https://www.voxologypodcast.com/196-jesus-is-both-inclusive-and-exclusive/,catalog/196-jesus-is-both-inclusive-and-exclusive.mp3
INDEPENDENT,146,2019-05-14,https://www.voxologypodcast.com/195-a-home-for-the-spiritually-homeless/,catalog/195-a-home-for-the-spiritually-homeless.mp3
INDEPENDENT,147,2019-05-07,https://www.voxologypodcast.com/194-vox-mailbag-double-standards-leaving-christianity-behind-and-reading-the-bible/,catalog/194-vox-mailbag-double-standards-leaving-christianity-behind-and-reading-the-bible.mp3
INDEPENDENT,148,2019-04-30,https://www.voxologypodcast.com/193-when-is-theological-gatekeeping-okay/,catalog/193-when-is-theological-gatekeeping-okay.mp3
INDEPENDENT,149,2019-04-22,https://www.voxologypodcast.com/192-ot-violence-evolution-and-sexuality-with-tremper-longman-iii/,catalog/192-ot-violence-evolution-and-sexuality-with-tremper-longman-iii.mp3
INDEPENDENT,150,2019-04-15,https://www.voxologypodcast.com/191-does-the-traditional-christian-ethic-harm-lgbtq-people-with-johanna-finegan/,catalog/191-does-the-traditional-christian-ethic-harm-lgbtq-people-with-johanna-finegan.mp3
INDEPENDENT,151,2019-04-08,https://www.voxologypodcast.com/190-leaving-the-megachurch-and-guest-malaika-sesay/,catalog/190-leaving-the-megachurch-and-guest-malaika-sesay.mp3
INDEPENDENT,152,2019-04-01,https://www.voxologypodcast.com/189-shame-faith-and-how-to-disagree-well/,catalog/189-shame-faith-and-how-to-disagree-well.mp3
INDEPENDENT,153,2019-03-25,https://www.voxologypodcast.com/188-leviticus-sex-and-women-in-leadership-with-sophie-cherry/,catalog/188-leviticus-sex-and-women-in-leadership-with-sophie-cherry.mp3
INDEPENDENT,154,2019-03-18,https://www.voxologypodcast.com/187-faith-sexuality-and-gender-with-preston-sprinkle/,catalog/187-faith-sexuality-and-gender-with-preston-sprinkle.mp3
INDEPENDENT,155,2019-03-11,https://www.voxologypodcast.com/186-is-christianity-good-for-the-world/,catalog/186-is-christianity-good-for-the-world.mp3
INDEPENDENT,156,2019-03-04,https://www.voxologypodcast.com/185-vox-mailbag-abortion-shame-and-shaming/,catalog/185-vox-mailbag-abortion-shame-and-shaming.mp3
INDEPENDENT,157,2019-02-04,https://www.voxologypodcast.com/181-surrender-and-the-paradox-of-self-control-with-drew-dyck/,catalog/181-surrender-and-the-paradox-of-self-control-with-drew-dyck.mp3
INDEPENDENT,158,2019-01-29,https://www.voxologypodcast.com/180-toxic-masculinity-razor-blades-and-why-bonnie-is-translating-the-bible-with-bonnie-lewis/,catalog/180-toxic-masculinity-razor-blades-and-why-bonnie-is-translating-the-bible-with-bonnie-lewis.mp3
INDEPENDENT,159,2019-01-22,https://www.voxologypodcast.com/179-when-god-doesnt-answer/,catalog/179-when-god-doesnt-answer.mp3
INDEPENDENT,160,2019-01-14,https://www.voxologypodcast.com/178-everything-you-know-about-predestination-is-wrong/,catalog/178-everything-you-know-about-predestination-is-wrong.mp3
INDEPENDENT,161,2019-01-07,https://www.voxologypodcast.com/177-nonviolence-feminine-sexual-desire-and-the-unity-of-the-church/,catalog/177-nonviolence-feminine-sexual-desire-and-the-unity-of-the-church.mp3
INDEPENDENT,162,2018-12-18,https://www.voxologypodcast.com/176-christians-lost-the-culture-war-and-why-thats-a-good-thing-with-rick-mckinley/,catalog/176-christians-lost-the-culture-war-and-why-thats-a-good-thing-with-rick-mckinley.mp3
INDEPENDENT,163,2018-12-11,https://www.voxologypodcast.com/175-patriarchy-leaving-church-and-the-failure-of-god/,catalog/175-patriarchy-leaving-church-and-the-failure-of-god.mp3
INDEPENDENT,164,2018-12-03,https://www.voxologypodcast.com/174-finding-common-ground-in-politics-and-the-big-story-of-salvation/,catalog/174-finding-common-ground-in-politics-and-the-big-story-of-salvation.mp3
INDEPENDENT,165,2018-11-26,https://www.voxologypodcast.com/173-masturbation-pornography-and-the-perils-of-purity-culture/,catalog/173-masturbation-pornography-and-the-perils-of-purity-culture.mp3
INDEPENDENT,166,2018-11-19,https://www.voxologypodcast.com/172-faith-doubt-and-the-beauty-of-uncertainty-with-austin-fischer/,catalog/172-faith-doubt-and-the-beauty-of-uncertainty-with-austin-fischer.mp3
INDEPENDENT,167,2018-11-12,https://www.voxologypodcast.com/171-the-redemption-of-sexual-desire-with-david-bennett/,catalog/171-the-redemption-of-sexual-desire-with-david-bennett.mp3
INDEPENDENT,168,2018-11-05,https://www.voxologypodcast.com/170-handling-public-accusations-and-loving-john-piper/,catalog/170-handling-public-accusations-and-loving-john-piper.mp3
INDEPENDENT,169,2018-10-29,https://www.voxologypodcast.com/169-how-is-the-old-testament-authoritative-for-jesus-followers-with-tim-mackie/,catalog/169-how-is-the-old-testament-authoritative-for-jesus-followers-with-tim-mackie.mp3
INDEPENDENT,170,2018-10-22,https://www.voxologypodcast.com/168-lgbtq-celibacy-friendship-and-the-epidemic-of-loneliness-with-tyler-chernesky/,catalog/168-lgbtq-celibacy-friendship-and-the-epidemic-of-loneliness-with-tyler-chernesky.mp3
INDEPENDENT,171,2018-10-16,https://www.voxologypodcast.com/167-tony-robbins-altar-calls-and-kavanaugh-pushback/,catalog/167-tony-robbins-altar-calls-and-kavanaugh-pushback.mp3
INDEPENDENT,172,2018-10-08,https://www.voxologypodcast.com/166-kavanaugh-sexual-assualt-and-me-too-with-nicole-bromley/,catalog/166-kavanaugh-sexual-assualt-and-me-too-with-nicole-bromley.mp3
INDEPENDENT,173,2018-10-01,https://www.voxologypodcast.com/165-suffering-doubt-and-the-mystery-of-prayer/,catalog/165-suffering-doubt-and-the-mystery-of-prayer.mp3
INDEPENDENT,174,2018-09-25,https://www.voxologypodcast.com/164-following-flawed-leaders-and-reconstructing-faith/,catalog/164-following-flawed-leaders-and-reconstructing-faith.mp3
INDEPENDENT,175,2018-09-18,https://www.voxologypodcast.com/163-gay-christians-sexual-identity-and-the-church-with-nate-collins/,catalog/163-gay-christians-sexual-identity-and-the-church-with-nate-collins.mp3
INDEPENDENT,176,2018-09-11,https://www.voxologypodcast.com/162-john-macarthurs-statement-on-social-justice-is-a-flaming-hot-mess/,catalog/162-john-macarthurs-statement-on-social-justice-is-a-flaming-hot-mess.mp3
INDEPENDENT,177,2018-09-03,https://www.voxologypodcast.com/161-suicide-ministry-and-how-we-talk-about-mental-illness/,catalog/161-suicide-ministry-and-how-we-talk-about-mental-illness.mp3
INDEPENDENT,178,2018-08-27,https://www.voxologypodcast.com/160-private-jets-televangelists-and-how-we-talk-about-money/,catalog/160-private-jets-televangelists-and-how-we-talk-about-money.mp3
INDEPENDENT,179,2018-08-20,https://www.voxologypodcast.com/159-why-mediocre-churches-will-save-the-world/,catalog/159-why-mediocre-churches-will-save-the-world.mp3
INDEPENDENT,180,2018-08-13,https://www.voxologypodcast.com/158-why-black-lives-matter-matters/,catalog/158-why-black-lives-matter-matters.mp3
INDEPENDENT,181,2018-08-06,https://www.voxologypodcast.com/157-vox-mailbag-willowcreek-calvinism-and-church-discipline/,catalog/157-vox-mailbag-willowcreek-calvinism-and-church-discipline.mp3
INDEPENDENT,182,2018-07-02,https://www.voxologypodcast.com/152-deconstructing-faith-and-keeping-the-sabbath-with-aj-swoboda/,catalog/152-deconstructing-faith-and-keeping-the-sabbath-with-aj-swoboda.mp3
INDEPENDENT,183,2018-06-24,https://www.voxologypodcast.com/151-gay-marriage-wedding-cakes-and-religious-liberty-with-skye-jethani/,catalog/151-gay-marriage-wedding-cakes-and-religious-liberty-with-skye-jethani.mp3
INDEPENDENT,184,2018-06-15,https://www.voxologypodcast.com/150-immigration-and-romans-13/,catalog/150-immigration-and-romans-13.mp3
INDEPENDENT,185,2018-05-29,https://www.voxologypodcast.com/147-reconciling-science-and-faith/,catalog/147-reconciling-science-and-faith.mp3
INDEPENDENT,186,2018-05-22,https://www.voxologypodcast.com/146-q-and-andy/,catalog/146-q-and-andy.mp3
INDEPENDENT,187,2018-05-15,https://www.voxologypodcast.com/145-the-death-of-church/,catalog/145-the-death-of-church.mp3
INDEPENDENT,188,2018-05-09,https://www.voxologypodcast.com/144-the-bible-beth-moore-and-domestic-abuse/,catalog/144-the-bible-beth-moore-and-domestic-abuse.mp3
INDEPENDENT,189,2018-05-02,https://www.voxologypodcast.com/143-vox-mailbag/,catalog/143-vox-mailbag.mp3
INDEPENDENT,190,2018-04-04,https://www.voxologypodcast.com/139-john-piper-and-women-in-leadership/,catalog/139-john-piper-and-women-in-leadership.mp3
INDEPENDENT,191,2018-03-27,https://www.voxologypodcast.com/138-abortion-and-guns/,catalog/138-abortion-and-guns.mp3
INDEPENDENT,192,2018-03-19,https://www.voxologypodcast.com/137-what-is-the-trinity/,catalog/137-what-is-the-trinity.mp3
INDEPENDENT,193,2018-03-13,https://www.voxologypodcast.com/136-i-choose-down-syndrome/,catalog/136-i-choose-down-syndrome.mp3
INDEPENDENT,194,2018-03-06,https://www.voxologypodcast.com/135-bible-geeks-unite/,catalog/135-bible-geeks-unite.mp3
INDEPENDENT,195,2018-02-26,https://www.voxologypodcast.com/134-is-gun-ownership-a-god-given-right/,catalog/134-is-gun-ownership-a-god-given-right.mp3
INDEPENDENT,196,2018-02-19,https://www.voxologypodcast.com/133-did-god-abandon-jesus-and-gun-control/,catalog/133-did-god-abandon-jesus-and-gun-control.mp3
INDEPENDENT,197,2018-02-11,https://www.voxologypodcast.com/132-vox-mail-bag-and-crimson-cup-coffee/,catalog/132-vox-mail-bag-and-crimson-cup-coffee.mp3
INDEPENDENT,198,2018-02-05,https://www.voxologypodcast.com/131-why-the-church-hurts/,catalog/131-why-the-church-hurts.mp3
INDEPENDENT,199,2018-01-29,https://www.voxologypodcast.com/130-women-teaching-seminary-with-bonnie-lewis/,catalog/130-women-teaching-seminary-with-bonnie-lewis.mp3
INDEPENDENT,200,2018-01-22,https://www.voxologypodcast.com/129-doubt-is-slander-against-the-all-mighty/,catalog/129-doubt-is-slander-against-the-all-mighty.mp3
INDEPENDENT,201,2018-01-08,https://www.voxologypodcast.com/127-husbands-correct-your-wives/,catalog/127-husbands-correct-your-wives.mp3
INDEPENDENT,202,2017-12-11,https://www.voxologypodcast.com/126-politics-do-the-ends-justify-the-means/,catalog/126-politics-do-the-ends-justify-the-means.mp3
INDEPENDENT,203,2017-12-04,https://www.voxologypodcast.com/125-daring-to-hope-guest-katie-davis-majors/,catalog/125-daring-to-hope-guest-katie-davis-majors.mp3
INDEPENDENT,204,2017-11-20,https://www.voxologypodcast.com/123-roy-moore-and-siege-mentality/,catalog/123-roy-moore-and-siege-mentality.mp3
INDEPENDENT,205,2017-11-13,https://www.voxologypodcast.com/122-vox-mail-bag/,catalog/122-vox-mail-bag.mp3
INDEPENDENT,206,2017-11-06,https://www.voxologypodcast.com/121-church-clarity/,catalog/121-church-clarity.mp3
INDEPENDENT,207,2017-10-30,https://www.voxologypodcast.com/120-winsome-persuasion-guest-tim-muehlhoff/,catalog/120-winsome-persuasion-guest-tim-muehlhoff.mp3
INDEPENDENT,208,2017-10-16,https://www.voxologypodcast.com/117-live-questions-does-god-cause-evil-supporting-a-hateful-president/,catalog/117-live-questions-does-god-cause-evil-supporting-a-hateful-president.mp3
INDEPENDENT,209,2017-10-02,https://www.voxologypodcast.com/115-we-are-all-religious-guest-skye-jethani/,catalog/115-we-are-all-religious-guest-skye-jethani.mp3
INDEPENDENT,210,2017-09-18,https://www.voxologypodcast.com/113-the-suburban-columbus-statement-against-the-nashville-statement/,catalog/113-the-suburban-columbus-statement-against-the-nashville-statement.mp3
INDEPENDENT,211,2017-09-03,https://www.voxologypodcast.com/111-the-nashville-statement/,catalog/111-the-nashville-statement.mp3
INDEPENDENT,212,2017-08-21,https://www.voxologypodcast.com/109-on-charlottesville/,catalog/109-on-charlottesville.mp3
INDEPENDENT,213,2017-08-07,https://www.voxologypodcast.com/105-live-questions-talking-vs-preaching-suicide-and-divorce/,catalog/105-live-questions-talking-vs-preaching-suicide-and-divorce.mp3
INDEPENDENT,214,2017-07-31,https://www.voxologypodcast.com/104-vox-mail-bag-paul-starting-a-church-and-genesis/,catalog/104-vox-mail-bag-paul-starting-a-church-and-genesis.mp3
INDEPENDENT,215,2017-07-24,https://www.voxologypodcast.com/103-ohio-bound/,catalog/103-ohio-bound.mp3
INDEPENDENT,216,2017-07-21,https://www.voxologypodcast.com/102-live-questions-monogamy-gods-will-and-trump/,catalog/102-live-questions-monogamy-gods-will-and-trump.mp3
INDEPENDENT,217,2017-07-10,https://www.voxologypodcast.com/100-future-of-the-mega-church-with-matt-carter-of-bad-christian/,catalog/100-future-of-the-mega-church-with-matt-carter-of-bad-christian.mp3
INDEPENDENT,218,2017-07-03,https://www.voxologypodcast.com/99-vox-mail-bag-immigration-rob-bell-gospel-of-paul-and-more-rob-bell/,catalog/99-vox-mail-bag-immigration-rob-bell-gospel-of-paul-and-more-rob-bell.mp3
INDEPENDENT,219,2017-06-30,https://www.voxologypodcast.com/98-live-questions-scripture-sinners-women-in-leadership-and-is-the-bible-just-an-epic-tale/,catalog/98-live-questions-scripture-sinners-women-in-leadership-and-is-the-bible-just-an-epic-tale.mp3
INDEPENDENT,220,2017-06-26,https://www.voxologypodcast.com/97-the-hiddenness-of-god/,catalog/97-the-hiddenness-of-god.mp3
INDEPENDENT,221,2017-06-23,https://www.voxologypodcast.com/96-live-questions-prayer-lgbtq-suffering-personal-change-and-religious-differences/,catalog/96-live-questions-prayer-lgbtq-suffering-personal-change-and-religious-differences.mp3
INDEPENDENT,222,2017-06-19,https://www.voxologypodcast.com/95-angry-god-and-peaceful-jesus-guest-greg-boyd/,catalog/95-angry-god-and-peaceful-jesus-guest-greg-boyd.mp3
INDEPENDENT,223,2017-06-16,https://www.voxologypodcast.com/94-live-questions-hell-water-to-wine-what-is-faith/,catalog/94-live-questions-hell-water-to-wine-what-is-faith.mp3
INDEPENDENT,224,2017-06-09,https://www.voxologypodcast.com/92-live-questions-soulmates-who-does-god-answer-and-masturbation/,catalog/92-live-questions-soulmates-who-does-god-answer-and-masturbation.mp3
INDEPENDENT,225,2017-06-05,https://www.voxologypodcast.com/91-the-art-of-race-guest-micah-bournes/,catalog/91-the-art-of-race-guest-micah-bournes.mp3
INDEPENDENT,226,2017-06-05,https://www.voxologypodcast.com/90-live-questions-gods-plan-depression-and-waiting-on-god/,catalog/90-live-questions-gods-plan-depression-and-waiting-on-god.mp3
INDEPENDENT,227,2017-05-30,https://www.voxologypodcast.com/89-how-to-handle-criticism/,catalog/89-how-to-handle-criticism.mp3
INDEPENDENT,228,2017-05-19,https://www.voxologypodcast.com/87-live-questions-vox-podcast-rob-bell-embarrassed-by-the-bible-and-judgement/,catalog/87-live-questions-vox-podcast-rob-bell-embarrassed-by-the-bible-and-judgement.mp3
INDEPENDENT,229,2017-05-15,https://www.voxologypodcast.com/86-eucharist-politics-and-lgbtq-in-the-church-guest-dan-koch-of-depolarize/,catalog/86-eucharist-politics-and-lgbtq-in-the-church-guest-dan-koch-of-depolarize.mp3
INDEPENDENT,230,2017-05-12,https://www.voxologypodcast.com/85-live-questions-what-was-paul-trusting-god-and-toxic-relationships/,catalog/85-live-questions-what-was-paul-trusting-god-and-toxic-relationships.mp3
INDEPENDENT,231,2017-05-08,https://www.voxologypodcast.com/84-becoming-like-jesus-and-the-bibles-usefulness/,catalog/84-becoming-like-jesus-and-the-bibles-usefulness.mp3
INDEPENDENT,232,2017-05-04,https://www.voxologypodcast.com/83-live-questions-gospel-of-paul-wives-submit-to-husbands-satan-and-bible-canonization/,catalog/83-live-questions-gospel-of-paul-wives-submit-to-husbands-satan-and-bible-canonization.mp3
INDEPENDENT,233,2017-05-01,https://www.voxologypodcast.com/82-women-in-leadership-thingsonlychristianwomenhear/,catalog/82-women-in-leadership-thingsonlychristianwomenhear.mp3
INDEPENDENT,234,2017-05-01,https://www.voxologypodcast.com/81-live-questions-sabbath-essential-oils-free-will-and-marriage/,catalog/81-live-questions-sabbath-essential-oils-free-will-and-marriage.mp3
INDEPENDENT,235,2017-04-24,https://www.voxologypodcast.com/80-faith-deconstruction-real-stories-live-show-at-villain-studio/,catalog/80-faith-deconstruction-real-stories-live-show-at-villain-studio.mp3
INDEPENDENT,236,2017-04-17,https://www.voxologypodcast.com/79-the-way-of-the-dragon-or-the-way-of-the-lamb-guest-kyle-strobel-and-jamin-goggin/,catalog/79-the-way-of-the-dragon-or-the-way-of-the-lamb-guest-kyle-strobel-and-jamin-goggin.mp3
INDEPENDENT,237,2017-04-14,https://www.voxologypodcast.com/78-live-questions-tithing-apostle-names-and-lust/,catalog/78-live-questions-tithing-apostle-names-and-lust.mp3
INDEPENDENT,238,2017-04-10,https://www.voxologypodcast.com/77-faith-in-the-white-house-guest-michael-wear/,catalog/77-faith-in-the-white-house-guest-michael-wear.mp3
INDEPENDENT,239,2017-04-07,https://www.voxologypodcast.com/76-live-questions-mike-pence-and-the-billy-graham-rule-april-6-2017/,catalog/76-live-questions-mike-pence-and-the-billy-graham-rule-april-6-2017.mp3
INDEPENDENT,240,2017-04-03,https://www.voxologypodcast.com/75-a-theology-of-aging/,catalog/75-a-theology-of-aging.mp3
INDEPENDENT,241,2017-03-30,https://www.voxologypodcast.com/74-live-questions-suicide-gods-voice-masturbation-and-adam/,catalog/74-live-questions-suicide-gods-voice-masturbation-and-adam.mp3
INDEPENDENT,242,2017-03-27,https://www.voxologypodcast.com/73-is-god-really-angry-special-guest-john-mark-comer/,catalog/73-is-god-really-angry-special-guest-john-mark-comer.mp3
INDEPENDENT,243,2017-03-27,https://www.voxologypodcast.com/72-live-questions-cool-pastors-jesus-judgement-and-exclusiveness/,catalog/72-live-questions-cool-pastors-jesus-judgement-and-exclusiveness.mp3
INDEPENDENT,244,2017-03-20,https://www.voxologypodcast.com/71-world-down-syndrome-day-with-heather-avis/,catalog/71-world-down-syndrome-day-with-heather-avis.mp3
INDEPENDENT,245,2017-03-06,https://www.voxologypodcast.com/69-judgment-hell/,catalog/69-judgment-hell.mp3
INDEPENDENT,246,2017-02-27,https://www.voxologypodcast.com/68-the-porn-episode/,catalog/68-the-porn-episode.mp3
INDEPENDENT,247,2017-02-20,https://www.voxologypodcast.com/67-women-in-leadership-guest-karrie-garcia-of-freedom-movement/,catalog/67-women-in-leadership-guest-karrie-garcia-of-freedom-movement.mp3
INDEPENDENT,248,2017-02-13,https://www.voxologypodcast.com/66-welcome-to-the-resistance/,catalog/66-welcome-to-the-resistance.mp3
INDEPENDENT,249,2017-02-06,https://www.voxologypodcast.com/65-when-does-god-answer-prayer/,catalog/65-when-does-god-answer-prayer.mp3
INDEPENDENT,250,2017-01-16,https://www.voxologypodcast.com/62-3-views-of-the-reality-of-hell-guest-preston-sprinkle/,catalog/62-3-views-of-the-reality-of-hell-guest-preston-sprinkle.mp3
INDEPENDENT,251,2017-01-07,https://www.voxologypodcast.com/61-why-pastors-have-affairs/,catalog/61-why-pastors-have-affairs.mp3
INDEPENDENT,252,2016-12-26,https://www.voxologypodcast.com/60-christmas-break-2016/,catalog/60-christmas-break-2016.mp3
INDEPENDENT,253,2016-12-19,https://www.voxologypodcast.com/59-customer-service-and-condemning-the-church/,catalog/59-customer-service-and-condemning-the-church.mp3
INDEPENDENT,254,2016-12-12,https://www.voxologypodcast.com/58-is-jesus-the-only-way-to-heaven/,catalog/58-is-jesus-the-only-way-to-heaven.mp3
INDEPENDENT,255,2016-11-28,https://www.voxologypodcast.com/56-heaven-hell-and-climate-change/,catalog/56-heaven-hell-and-climate-change.mp3
INDEPENDENT,256,2016-11-21,https://www.voxologypodcast.com/55-peacekeeping-vs-peacemaking/,catalog/55-peacekeeping-vs-peacemaking.mp3
INDEPENDENT,257,2016-11-10,https://www.voxologypodcast.com/54-president-trump-and-the-politics-of-peacemaking/,catalog/54-president-trump-and-the-politics-of-peacemaking.mp3
INDEPENDENT,258,2016-11-07,https://www.voxologypodcast.com/53-qa-sex-being-single-in-the-church-and-more-about-sex/,catalog/53-qa-sex-being-single-in-the-church-and-more-about-sex.mp3
INDEPENDENT,259,2016-10-24,https://www.voxologypodcast.com/51-the-pastor-with-no-answers-guest-joey-svendsen/,catalog/51-the-pastor-with-no-answers-guest-joey-svendsen.mp3
INDEPENDENT,260,2016-10-14,https://www.voxologypodcast.com/50-forgive-and-dont-forget/,catalog/50-forgive-and-dont-forget.mp3
INDEPENDENT,261,2016-09-14,https://www.voxologypodcast.com/39-how-to-talk-with-an-athiest-guest-godless/,catalog/39-how-to-talk-with-an-athiest-guest-godless.mp3
INDEPENDENT,262,2016-09-14,https://www.voxologypodcast.com/40-were-not-voting-for-a-pastor/,catalog/40-were-not-voting-for-a-pastor.mp3
INDEPENDENT,263,2016-09-14,https://www.voxologypodcast.com/38-jesus-race-and-privilege/,catalog/38-jesus-race-and-privilege.mp3
INDEPENDENT,264,2016-09-14,https://www.voxologypodcast.com/36-trump-and-evangelical-inferiority-complex/,catalog/36-trump-and-evangelical-inferiority-complex.mp3
INDEPENDENT,265,2016-09-14,https://www.voxologypodcast.com/34-orlando-outrage-and-the-lost-art-of-lament/,catalog/34-orlando-outrage-and-the-lost-art-of-lament.mp3
INDEPENDENT,266,2016-09-14,https://www.voxologypodcast.com/33-angry-jesus-and-outraged-christians/,catalog/33-angry-jesus-and-outraged-christians.mp3
INDEPENDENT,267,2016-09-14,https://www.voxologypodcast.com/30-science-mike-and-seismic-mike-guest-mike-mchargue/,catalog/30-science-mike-and-seismic-mike-guest-mike-mchargue.mp3
INDEPENDENT,268,2016-09-14,https://www.voxologypodcast.com/25-how-not-to-talk-to-an-atheist-guest-mark-salomon/,catalog/25-how-not-to-talk-to-an-atheist-guest-mark-salomon.mp3
INDEPENDENT,269,2016-09-14,https://www.voxologypodcast.com/24-infomercials-for-jesus-and-living-with-dissapointment/,catalog/24-infomercials-for-jesus-and-living-with-dissapointment.mp3
INDEPENDENT,270,2016-09-14,https://www.voxologypodcast.com/23-your-way-is-not-the-christian-way/,catalog/23-your-way-is-not-the-christian-way.mp3
INDEPENDENT,271,2016-09-14,https://www.voxologypodcast.com/22-theres-no-such-thing-as-a-soulmate/,catalog/22-theres-no-such-thing-as-a-soulmate.mp3
INDEPENDENT,272,2016-09-14,https://www.voxologypodcast.com/21-who-is-it-that-has-the-disability-world-down-syndrome-day/,catalog/21-who-is-it-that-has-the-disability-world-down-syndrome-day.mp3
INDEPENDENT,273,2016-09-14,https://www.voxologypodcast.com/20-the-bible-told-me-so/,catalog/20-the-bible-told-me-so.mp3
INDEPENDENT,274,2016-09-14,https://www.voxologypodcast.com/14-coors-light-the-king-of-beers/,catalog/14-coors-light-the-king-of-beers.mp3
INDEPENDENT,275,2016-09-14,https://www.voxologypodcast.com/10-mental-illness-and-the-way-of-weakness/,catalog/10-mental-illness-and-the-way-of-weakness.mp3
INDEPENDENT,276,2016-09-14,https://www.voxologypodcast.com/from-failure-to-fire-mike-erre-on-reimagining-church-for-the-world/,catalog/from-failure-to-fire-mike-erre-on-reimagining-church-for-the-world.mp3
INDEPENDENT,277,2016-09-13,https://www.voxologypodcast.com/8-what-is-the-meaning-of-prolife/,catalog/8-what-is-the-meaning-of-prolife.mp3
INDEPENDENT,278,2016-09-13,https://www.voxologypodcast.com/7-jesus-the-refugee-and-the-christian-fear-complex/,catalog/7-jesus-the-refugee-and-the-christian-fear-complex.mp3
INDEPENDENT,279,2016-09-12,https://www.voxologypodcast.com/5-was-jesus-pro-gay-and-the-difficulty-with-lgbtq-questions/,catalog/5-was-jesus-pro-gay-and-the-difficulty-with-lgbtq-questions.mp3
INDEPENDENT,280,2016-09-12,https://www.voxologypodcast.com/4-please-stop-loving-the-sinner-and-hating-the-sin/,catalog/4-please-stop-loving-the-sinner-and-hating-the-sin.mp3
INDEPENDENT,281,2016-09-12,https://www.voxologypodcast.com/2-dinners-with-sinners/,catalog/2-dinners-with-sinners.mp3
INDEPENDENT,282,2022-06-23,https://www.voxologypodcast.com/roe-v-wade/,catalog/roe-v-wade.mp3
INDEPENDENT,283,2022-05-29,https://www.voxologypodcast.com/353-uvalde-the-sbc-prayers-of-the-people-with-pastor-suzie-lind/,catalog/353-uvalde-the-sbc-prayers-of-the-people-with-pastor-suzie-lind.mp3
INDEPENDENT,284,2022-01-09,https://www.voxologypodcast.com/330-can-we-have-unity-amidst-opposing-ideologies-with-dr-timothy-gombis/,catalog/330-can-we-have-unity-amidst-opposing-ideologies-with-dr-timothy-gombis.mp3
Image,1,2022-03-13,https://www.voxologypodcast.com/340-image-part-one-return-of-the-king/,catalog/340-image-part-one-return-of-the-king.mp3
Image,2,2022-03-20,https://www.voxologypodcast.com/341-image-part-two-saved/,catalog/341-image-part-two-saved.mp3
Image,3,2022-03-27,https://www.voxologypodcast.com/343-image-part-three-saved-continued/,catalog/343-image-part-three-saved-continued.mp3
Image,4,2022-04-03,https://www.voxologypodcast.com/344-image-part-four-space/,catalog/344-image-part-four-space.mp3
Image,5,2022-04-10,https://www.voxologypodcast.com/345-image-part-five-saved-from/,catalog/345-image-part-five-saved-from.mp3
Image,6,2022-04-17,https://www.voxologypodcast.com/347-image-part-six-time/,catalog/347-image-part-six-time.mp3
Image,7,2022-05-01,https://www.voxologypodcast.com/349-image-part-seven-gotta-have-faith-faith-faith/,catalog/349-image-part-seven-gotta-have-faith-faith-faith.mp3
Image,8,2022-05-15,https://www.voxologypodcast.com/351-image-part-eight-what-is-grace/,catalog/351-image-part-eight-what-is-grace.mp3
Image,9,2022-06-05,https://www.voxologypodcast.com/354-image-part-nine-works-with-dr-timothy-gombis/,catalog/354-image-part-nine-works-with-dr-timothy-gombis.mp3
Insulted,1,2022-08-14,https://www.voxologypodcast.com/364-insulted-part-one-bastard/,catalog/364-insulted-part-one-bastard.mp3
Insulted,2,2022-08-21,https://www.voxologypodcast.com/365-insulted-part-two-blasphemer/,catalog/365-insulted-part-two-blasphemer.mp3
Insulted,3,2022-09-25,https://www.voxologypodcast.com/370-insulted-part-three-friend-of-sinners/,catalog/370-insulted-part-three-friend-of-sinners.mp3
Is the Bible Anti-Woman?,2,2016-09-14,https://www.voxologypodcast.com/18-is-the-bible-anti-woman-guest-bonnie-lewis/,catalog/18-is-the-bible-anti-woman-guest-bonnie-lewis.mp3
Jesus and Politics,1,2016-09-14,https://www.voxologypodcast.com/11-jesus-and-politics-part-1/,catalog/11-jesus-and-politics-part-1.mp3
Jesus and Politics,2,2016-09-14,https://www.voxologypodcast.com/12-jesus-and-politics-part-2/,catalog/12-jesus-and-politics-part-2.mp3
Jesus and Politics,3,2016-09-14,https://www.voxologypodcast.com/13-mike-erre-doesnt-believe-in-the-rapture-jesus-and-politics-part-3/,catalog/13-mike-erre-doesnt-believe-in-the-rapture-jesus-and-politics-part-3.mp3
Jesus and Politics,4,2016-09-14,https://www.voxologypodcast.com/27-how-to-disagree-well-guest-tim-muelhoff-jesus-and-politics-part-4/,catalog/27-how-to-disagree-well-guest-tim-muelhoff-jesus-and-politics-part-4.mp3
Jesus of Politics,5,2016-10-31,https://www.voxologypodcast.com/52-kingdom-of-god-politics-the-vox-podcast-live-show/,catalog/52-kingdom-of-god-politics-the-vox-podcast-live-show.mp3
Jesus's Least Practiced Teachings,1,2020-09-28,https://www.voxologypodcast.com/263-an-eye-for-an-eye/,catalog/263-an-eye-for-an-eye.mp3
Jewish Scholars on Scripture,1,2020-04-06,https://www.voxologypodcast.com/237-from-liberation-to-wilderness-with-rabbi-nahum-ward-lev/,catalog/237-from-liberation-to-wilderness-with-rabbi-nahum-ward-lev.mp3
Light,1,2022-06-26,https://www.voxologypodcast.com/357-light-part-one-bearers-of-the-name/,catalog/357-light-part-one-bearers-of-the-name.mp3
Light,2,2022-07-10,https://www.voxologypodcast.com/359-light-part-two-fullness-of-the-fullness/,catalog/359-light-part-two-fullness-of-the-fullness.mp3
Light,3,2022-07-17,https://www.voxologypodcast.com/360-light-part-three-jordan-peterson-masculinity-one-another/,catalog/360-light-part-three-jordan-peterson-masculinity-one-another.mp3
Light,4,2022-07-31,https://www.voxologypodcast.com/362-light-part-four-truthing-in-love/,catalog/362-light-part-four-truthing-in-love.mp3
Men and Women Series,1,2022-12-11,https://www.voxologypodcast.com/381-women-theology-leadership/,catalog/381-women-theology-leadership.mp3
Misunderstanding the Bible,2,2019-07-08,https://www.voxologypodcast.com/203-misunderstanding-the-bible-with-tim-gombis/,catalog/203-misunderstanding-the-bible-with-tim-gombis.mp3
Narcissism,2,2018-04-10,https://www.voxologypodcast.com/140-narcissism-an-autobiography/,catalog/140-narcissism-an-autobiography.mp3
Narcissism,3,2018-04-17,https://www.voxologypodcast.com/141-narcissism-the-church/,catalog/141-narcissism-the-church.mp3
Narcissism,4,2018-04-24,https://www.voxologypodcast.com/142-narcissism-what-now/,catalog/142-narcissism-what-now.mp3
Navigating Post-Roe Challenges,2,2022-07-03,https://www.voxologypodcast.com/358-abortion-adoption-accommodation-pg-13-with-pastor-bethany-nass-cseh/,catalog/358-abortion-adoption-accommodation-pg-13-with-pastor-bethany-nass-cseh.mp3
Permission for Pain and a Guide for Grief,2,2016-09-13,https://www.voxologypodcast.com/9-permission-for-pain-and-a-guide-for-grief-guest-bonnie-lewis/,catalog/9-permission-for-pain-and-a-guide-for-grief-guest-bonnie-lewis.mp3
Reconciling Faith & Politics,1,2020-10-15,https://www.voxologypodcast.com/bonus-episode-reconciling-faith-politics-part-1/,catalog/bonus-episode-reconciling-faith-politics-part-1.mp3
Reconciling Faith & Politics,2,2020-10-22,https://www.voxologypodcast.com/bonus-episode-2-reconciling-faith-politics-part-2/,catalog/bonus-episode-2-reconciling-faith-politics-part-2.mp3
Reconciling Faith & Politics,3,2018-07-09,https://www.voxologypodcast.com/153-reconciling-faith-and-politics-part-3-the-church-is-political/,catalog/153-reconciling-faith-and-politics-part-3-the-church-is-political.mp3
Reconciling Faith & Politics,4,2018-07-15,https://www.voxologypodcast.com/154-reconciling-faith-and-politics-part-4-shut-your-yapper/,catalog/154-reconciling-faith-and-politics-part-4-shut-your-yapper.mp3
Reconciling Faith & Politics,5,2018-07-23,https://www.voxologypodcast.com/155-reconciling-faith-and-politics-part-5-andy-strikes-back/,catalog/155-reconciling-faith-and-politics-part-5-andy-strikes-back.mp3
Reconciling Faith & Politics,6,2018-07-30,https://www.voxologypodcast.com/156-reconciling-faith-and-politics-part-6-do-we-hate-trump-supporters/,catalog/156-reconciling-faith-and-politics-part-6-do-we-hate-trump-supporters.mp3
Reconciling Faith and Politics,1,2018-06-05,https://www.voxologypodcast.com/148-reconciling-faith-and-politics-part-1/,catalog/148-reconciling-faith-and-politics-part-1.mp3
Reconciling Faith and Politics,2,2018-06-11,https://www.voxologypodcast.com/149-reconciling-faith-and-politics-part-2-salvation-is-political/,catalog/149-reconciling-faith-and-politics-part-2-salvation-is-political.mp3
Reconstructing Faith,1,2021-12-19,https://www.voxologypodcast.com/327-deconstructing-deconstruction-the-end/,catalog/327-deconstructing-deconstruction-the-end.mp3
Responding to January 6th,1,2021-01-06,https://www.voxologypodcast.com/so-about-that-riot/,catalog/so-about-that-riot.mp3
Responding to January 6th,2,2021-01-10,https://www.voxologypodcast.com/278-where-do-we-go-from-here/,catalog/278-where-do-we-go-from-here.mp3
Revelation,1,2023-01-22,https://www.voxologypodcast.com/387-revelation-part-one-an-introduction/,catalog/387-revelation-part-one-an-introduction.mp3
Revelation,2,2023-01-29,https://www.voxologypodcast.com/388-revelation-part-two-left-behind/,catalog/388-revelation-part-two-left-behind.mp3
Revelation,3,2023-02-12,https://www.voxologypodcast.com/390-revelation-part-three-apocalypse/,catalog/390-revelation-part-three-apocalypse.mp3
Revelation,4,2023-02-26,https://www.voxologypodcast.com/392-revelation-part-four-genre/,catalog/392-revelation-part-four-genre.mp3
Revelation,5,2023-03-05,https://www.voxologypodcast.com/393-revelation-part-five-revelation-for-the-rest-of-us-with-dr-scot-mcknight-cody-matchett/,catalog/393-revelation-part-five-revelation-for-the-rest-of-us-with-dr-scot-mcknight-cody-matchett.mp3
Revelation,6,2023-04-09,https://www.voxologypodcast.com/398-revelation-part-six-time-after-time/,catalog/398-revelation-part-six-time-after-time.mp3
Revelation,7,2023-05-28,https://www.voxologypodcast.com/405-revelation-part-seven-sevenly-heavenly/,catalog/405-revelation-part-seven-sevenly-heavenly.mp3
Revelation,8,2023-06-04,https://www.voxologypodcast.com/406-revelation-part-eight-empires-gonna-empire/,catalog/406-revelation-part-eight-empires-gonna-empire.mp3
Revelation,9,2023-06-18,https://www.voxologypodcast.com/408-revelation-part-nine-empire-vs-the-upside-down-kingdom/,catalog/408-revelation-part-nine-empire-vs-the-upside-down-kingdom.mp3
Revelation,10,2023-06-25,https://www.voxologypodcast.com/409-revelation-part-ten-letter-to-ephesus/,catalog/409-revelation-part-ten-letter-to-ephesus.mp3
Revelation,11,2023-07-09,https://www.voxologypodcast.com/411-revelation-part-eleven-letter-to-pergamum/,catalog/411-revelation-part-eleven-letter-to-pergamum.mp3
Revelation,12,2023-07-16,https://www.voxologypodcast.com/412-revelation-part-twelve-america-the-beautiful/,catalog/412-revelation-part-twelve-america-the-beautiful.mp3
Revelation,13,2023-07-23,https://www.voxologypodcast.com/413-revelation-part-thirteen-poverty-riches/,catalog/413-revelation-part-thirteen-poverty-riches.mp3
Revelation,14,2023-08-06,https://www.voxologypodcast.com/415-revelation-part-fourteen-sexual-immorality/,catalog/415-revelation-part-fourteen-sexual-immorality.mp3
Revelation,15,2023-08-27,https://www.voxologypodcast.com/418-revelation-part-fifteen-the-throne-at-the-center-of-the-universe/,catalog/418-revelation-part-fifteen-the-throne-at-the-center-of-the-universe.mp3
Revelation,16,2023-09-03,https://www.voxologypodcast.com/419-revelation-part-sixeteen-worship-is-political/,catalog/419-revelation-part-sixeteen-worship-is-political.mp3
Revelation,17,2023-09-10,https://www.voxologypodcast.com/420-revelation-part-seventeen-the-lion-the-lamb/,catalog/420-revelation-part-seventeen-the-lion-the-lamb.mp3
Revelation,18,2023-09-17,https://www.voxologypodcast.com/421-revelation-part-eighteen-the-day-of-the-lord/,catalog/421-revelation-part-eighteen-the-day-of-the-lord.mp3
Revelation,19,2023-09-25,https://www.voxologypodcast.com/422-revelation-part-nineteen-thunderstruck/,catalog/422-revelation-part-nineteen-thunderstruck.mp3
Revelation,20,2023-10-01,https://www.voxologypodcast.com/423-revelation-part-twenty-captured-by-rapture/,catalog/423-revelation-part-twenty-captured-by-rapture.mp3
Revelation,21,2023-10-15,https://www.voxologypodcast.com/425-revelation-part-twenty-one-the-church-as-witness/,catalog/425-revelation-part-twenty-one-the-church-as-witness.mp3
Revelation,22,2023-10-22,https://www.voxologypodcast.com/426-revelation-part-twenty-two-the-talking-snake/,catalog/426-revelation-part-twenty-two-the-talking-snake.mp3
Revelation,23,2023-10-29,https://www.voxologypodcast.com/427-revelation-part-twenty-three-the-beast/,catalog/427-revelation-part-twenty-three-the-beast.mp3
Revelation,24,2023-11-05,https://www.voxologypodcast.com/428-revelation-part-twenty-four-babylon/,catalog/428-revelation-part-twenty-four-babylon.mp3
Revelation,25,2023-11-13,https://www.voxologypodcast.com/429-revelation-part-twenty-five-babylon-continued/,catalog/429-revelation-part-twenty-five-babylon-continued.mp3
Revelation,26,2023-12-10,https://www.voxologypodcast.com/433-revelation-part-twenty-six-the-lake-of-fire/,catalog/433-revelation-part-twenty-six-the-lake-of-fire.mp3
Revelation,27,2023-12-24,https://www.voxologypodcast.com/435-revelation-part-twenty-seven-smoke-on-the-water/,catalog/435-revelation-part-twenty-seven-smoke-on-the-water.mp3
Revelation,28,2023-12-31,https://www.voxologypodcast.com/436-revelation-part-twenty-eight-new-creation/,catalog/436-revelation-part-twenty-eight-new-creation.mp3
Revelation,29,2024-01-07,https://www.voxologypodcast.com/437-revelation-part-twenty-nine-all-things-made-new/,catalog/437-revelation-part-twenty-nine-all-things-made-new.mp3
Revelation,30,2024-01-14,https://www.voxologypodcast.com/438-revelation-part-thirty-to-hell-and-back/,catalog/438-revelation-part-thirty-to-hell-and-back.mp3
Revelation,31,2024-02-11,https://www.voxologypodcast.com/442-revelation-part-thirty-one-the-end-of-the-end/,catalog/442-revelation-part-thirty-one-the-end-of-the-end.mp3
Revisiting the LGBTQ Conversation,2,2016-09-14,https://www.voxologypodcast.com/41-revisiting-the-lgbtq-conversationl/,catalog/41-revisiting-the-lgbtq-conversationl.mp3
Revolutions and Revolutionaries,2,2022-10-16,https://www.voxologypodcast.com/373-revolutions-revolutionaries-w-suzie-lind-and-tim-gombis/,catalog/373-revolutions-revolutionaries-w-suzie-lind-and-tim-gombis.mp3
Seismic Mike Responds to Godless,1,2016-09-14,https://www.voxologypodcast.com/42-seismic-mike-responds-to-godless-part-1/,catalog/42-seismic-mike-responds-to-godless-part-1.mp3
Seismic Mike Responds to Godless,2,2016-09-14,https://www.voxologypodcast.com/43-seismic-mike-responds-to-godless-part-2/,catalog/43-seismic-mike-responds-to-godless-part-2.mp3
Sermon on the Mount,1,2021-01-31,https://www.voxologypodcast.com/281-the-judgment-of-judgment/,catalog/281-the-judgment-of-judgment.mp3
Sermon on the Mount,2,2021-02-07,https://www.voxologypodcast.com/282-pearls-pigs-pushing-good-things-on-others/,catalog/282-pearls-pigs-pushing-good-things-on-others.mp3
Sermon on the Mount,3,2020-08-03,https://www.voxologypodcast.com/255-politics-of-salt-light/,catalog/255-politics-of-salt-light.mp3
Sermon on the Mount,4,2020-08-10,https://www.voxologypodcast.com/256-light-heavy/,catalog/256-light-heavy.mp3
Sermon on the Mount,5,2020-10-19,https://www.voxologypodcast.com/266-hope-for-the-church/,catalog/266-hope-for-the-church.mp3
Sermon on the Mount,6,2020-09-07,https://www.voxologypodcast.com/260-lust-shame-modesty/,catalog/260-lust-shame-modesty.mp3
Sermon on the Mount,7,2020-09-14,https://www.voxologypodcast.com/261-jesus-divorce-purity-culture/,catalog/261-jesus-divorce-purity-culture.mp3
Sermon on the Mount,8,2020-09-21,https://www.voxologypodcast.com/262-using-religious-language-to-manipulate/,catalog/262-using-religious-language-to-manipulate.mp3
Sermon on the Mount,9,2020-08-24,https://www.voxologypodcast.com/258-given-to-anger/,catalog/258-given-to-anger.mp3
Sermon on the Mount,10,2020-11-22,https://www.voxologypodcast.com/271-asking-seeking-knocking/,catalog/271-asking-seeking-knocking.mp3
Sermon on the Mount,11,2020-11-29,https://www.voxologypodcast.com/272-the-lords-prayer/,catalog/272-the-lords-prayer.mp3
Sermon on the Mount,12,2020-10-12,https://www.voxologypodcast.com/265-love-your-enemies/,catalog/265-love-your-enemies.mp3
Sermon on the Mount,13,2020-07-27,https://www.voxologypodcast.com/254-of-such-as-these/,catalog/254-of-such-as-these.mp3
Songs of Resistance Series,1,2022-12-13,https://www.voxologypodcast.com/the-wanderer-songs-of-resistance-minuit-chretien/,catalog/the-wanderer-songs-of-resistance-minuit-chretien.mp3
Songs of Resistance Series,2,2023-02-08,https://www.voxologypodcast.com/the-wanderer-songs-of-resistance-dangers-toils-snares/,catalog/the-wanderer-songs-of-resistance-dangers-toils-snares.m4a
Songs of Resistance Series,3,2023-03-21,https://www.voxologypodcast.com/the-wanderer-songs-of-resistance-wandering-from-the-fold/,catalog/the-wanderer-songs-of-resistance-wandering-from-the-fold.m4a
Spiritual Abuse,1,2016-09-14,https://www.voxologypodcast.com/26-wells-and-fences-spiritual-abuse-part-1/,catalog/26-wells-and-fences-spiritual-abuse-part-1.mp3
Spiritual Abuse,2,2016-09-14,https://www.voxologypodcast.com/28-the-bridezilla-of-christ-spiritual-abuse-part-2/,catalog/28-the-bridezilla-of-christ-spiritual-abuse-part-2.mp3
Spiritual Abuse,3,2016-09-14,https://www.voxologypodcast.com/29-when-dishes-are-more-than-dishes-spiritual-abuse-part-3/,catalog/29-when-dishes-are-more-than-dishes-spiritual-abuse-part-3.mp3
Spiritual Abuse,4,2016-09-14,https://www.voxologypodcast.com/31-high-on-loving-you-spiritual-abuse-part-4/,catalog/31-high-on-loving-you-spiritual-abuse-part-4.mp3
Spiritual Abuse,5,2016-09-14,https://www.voxologypodcast.com/32-toxic-authority-spiritual-abuse-part-5/,catalog/32-toxic-authority-spiritual-abuse-part-5.mp3
Stages of Spiritual Maturity,1,2017-01-23,https://www.voxologypodcast.com/63-the-mystery-of-spiritual-maturity/,catalog/63-the-mystery-of-spiritual-maturity.mp3
Stages of Spiritual Maturity,2,2017-01-30,https://www.voxologypodcast.com/64-safe-to-lament/,catalog/64-safe-to-lament.mp3
Submissive and Subversive,2,2025-01-19,https://www.voxologypodcast.com/491-joyful-non-compliance/,catalog/491-joyful-non-compliance.m4a
Takes on the Old Testament,3,2017-07-17,https://www.voxologypodcast.com/101-how-to-read-the-bible-guest-tim-mackie-of-the-bible-project/,catalog/101-how-to-read-the-bible-guest-tim-mackie-of-the-bible-project.mp3
The Cross-Shaped Life,1,2025-05-05,https://www.voxologypodcast.com/prophetic-resistance-challenging-the-status-quo/,catalog/prophetic-resistance-challenging-the-status-quo.mp3
The Cross-Shaped Life,2,2025-04-14,https://www.voxologypodcast.com/cruciformity-living-in-the-shape-of-the-cross-a-cross-shaped-life-qa-w-the-voxology-patrons/,catalog/cruciformity-living-in-the-shape-of-the-cross-a-cross-shaped-life-qa-w-the-voxology-patrons.mp3
The Cross-Shaped Life,3,2025-04-07,https://www.voxologypodcast.com/what-is-cruciformity-w-dr-timothy-gombis/,catalog/what-is-cruciformity-w-dr-timothy-gombis.mp3
The Cross-Shaped Life,4,2021-10-03,https://www.voxologypodcast.com/316-cruciform-church/,catalog/316-cruciform-church.mp3
The Culture War Thing,2,2022-05-22,https://www.voxologypodcast.com/352-culture-war-refugees-with-dr-timothy-freakin-gombis/,catalog/352-culture-war-refugees-with-dr-timothy-freakin-gombis.mp3
The Culture Warrior Conversation,1,2022-08-28,https://www.voxologypodcast.com/366-faithful-vs-effective/,catalog/366-faithful-vs-effective.mp3
The Culture Warrior Conversation,2,2022-09-04,https://www.voxologypodcast.com/367-masters-of-culture-war/,catalog/367-masters-of-culture-war.mp3
The Culture Warrior Conversation,3,2022-09-11,https://www.voxologypodcast.com/368-not-over-but-alongside-with-pastor-suzie-lind/,catalog/368-not-over-but-alongside-with-pastor-suzie-lind.mp3
The Culture Warrior Conversation,4,2022-09-18,https://www.voxologypodcast.com/369-in-your-attempt-to-both-sides-everything/,catalog/369-in-your-attempt-to-both-sides-everything.mp3
The Future of the American Church,1,2019-06-04,https://www.voxologypodcast.com/198-the-future-of-the-american-church-with-rick-mckinley-and-bonnie-lewis/,catalog/198-the-future-of-the-american-church-with-rick-mckinley-and-bonnie-lewis.mp3
The Future of the American Church,2,2019-06-10,https://www.voxologypodcast.com/199-the-future-of-the-american-church-with-kristen-howerton-and-andy-lara/,catalog/199-the-future-of-the-american-church-with-kristen-howerton-and-andy-lara.mp3
The Jewishness of Jesus,1,2022-06-12,https://www.voxologypodcast.com/355-the-jewishness-of-the-gospel-with-dr-jen-rosner/,catalog/355-the-jewishness-of-the-gospel-with-dr-jen-rosner.mp3
The Jewishness of Jesus,2,2022-06-19,https://www.voxologypodcast.com/356-jesus-and-the-forces-of-death-with-dr-matthew-thiessen/,catalog/356-jesus-and-the-forces-of-death-with-dr-matthew-thiessen.mp3
The Mind of Christ,1,2022-10-02,https://www.voxologypodcast.com/371-having-the-mind-of-christ-with-ben-sternke-and-matt-tebbe/,catalog/371-having-the-mind-of-christ-with-ben-sternke-and-matt-tebbe.mp3
The Mind of Christ,2,2022-10-09,https://www.voxologypodcast.com/372-a-captive-mind-with-chris-nye/,catalog/372-a-captive-mind-with-chris-nye.mp3
The Spirit of Our Politics,1,2024-01-21,https://www.voxologypodcast.com/439-the-spirit-of-our-politics-with-michael-wear/,catalog/439-the-spirit-of-our-politics-with-michael-wear.mp3
The Therapy Questionnaire,2,2024-06-09,https://www.voxologypodcast.com/459-the-relationship-between-power-parenting-and-therapy/,catalog/459-the-relationship-between-power-parenting-and-therapy.mp3
The Wanderer,1,2021-09-07,https://www.voxologypodcast.com/the-wanderer-u2-not-all-who-wander-are-lost/,catalog/the-wanderer-u2-not-all-who-wander-are-lost.mp3
The Wanderer,2,2021-09-14,https://www.voxologypodcast.com/the-wanderer-u2-grief-grace-and-the-grotesque/,catalog/the-wanderer-u2-grief-grace-and-the-grotesque.mp3
The Way of Resistance,1,2017-03-12,https://www.voxologypodcast.com/70-power-under-vs-power-over-live-from-monkey-business-cafe/,catalog/70-power-under-vs-power-over-live-from-monkey-business-cafe.mp3
To Be Human,1,2024-03-10,https://www.voxologypodcast.com/446-to-be-human-part-one-in-the-beginning/,catalog/446-to-be-human-part-one-in-the-beginning.mp3
To Be Human,2,2024-03-17,https://www.voxologypodcast.com/447-to-be-human-part-two-statuesque/,catalog/447-to-be-human-part-two-statuesque.mp3
To Be Human,3,2024-03-24,https://www.voxologypodcast.com/448-to-be-human-part-three-the-royal-dignity-of-seth-erre/,catalog/448-to-be-human-part-three-the-royal-dignity-of-seth-erre.mp3
To Be Human,4,2024-03-31,https://www.voxologypodcast.com/449-to-be-human-part-four-woman-man/,catalog/449-to-be-human-part-four-woman-man.mp3
To Be Human,5,2024-04-07,https://www.voxologypodcast.com/450-to-be-human-part-five-it-is-good/,catalog/450-to-be-human-part-five-it-is-good.mp3
To Be Human,6,2024-04-21,https://www.voxologypodcast.com/452-to-be-human-part-six-power-over-vs-power-with/,catalog/452-to-be-human-part-six-power-over-vs-power-with.mp3
To Be Human,7,2024-04-28,https://www.voxologypodcast.com/453-to-be-human-part-seven-not-so-with-you/,catalog/453-to-be-human-part-seven-not-so-with-you.mp3
To Be Human,8,2024-05-19,https://www.voxologypodcast.com/456-to-be-human-part-eight-the-two-powers/,catalog/456-to-be-human-part-eight-the-two-powers.mp3
To Be Human,9,2024-05-26,https://www.voxologypodcast.com/457-to-be-human-part-nine-fight-the-power/,catalog/457-to-be-human-part-nine-fight-the-power.mp3
To Be Human,10,2024-06-02,https://www.voxologypodcast.com/458-to-be-human-part-ten-a-divine-partnership/,catalog/458-to-be-human-part-ten-a-divine-partnership.mp3
To Be Human,11,2024-06-16,https://www.voxologypodcast.com/460-to-be-human-part-eleven-time-after-time/,catalog/460-to-be-human-part-eleven-time-after-time.mp3
To Be Human,12,2024-06-23,https://www.voxologypodcast.com/461-to-be-human-part-twelve-the-gift-of-time/,catalog/461-to-be-human-part-twelve-the-gift-of-time.mp3
To Be Human,13,2024-06-30,https://www.voxologypodcast.com/462-to-be-human-part-thirteen-dust-to-dust/,catalog/462-to-be-human-part-thirteen-dust-to-dust.mp3
To Be Human,14,2024-07-07,https://www.voxologypodcast.com/463-to-be-human-part-fourteen-knowledge-of-good-evil/,catalog/463-to-be-human-part-fourteen-knowledge-of-good-evil.mp3
To Be Human,15,2024-07-14,https://www.voxologypodcast.com/464-to-be-human-part-fifteen-four-rivers-run-through-it/,catalog/464-to-be-human-part-fifteen-four-rivers-run-through-it.m4a
To Be Human,16,2024-07-28,https://www.voxologypodcast.com/466-to-be-human-part-sixteen-unity-in-diversity/,catalog/466-to-be-human-part-sixteen-unity-in-diversity.m4a
To Be Human,17,2024-08-11,https://www.voxologypodcast.com/468-to-be-human-part-seventeen-snakes-on-a-plain/,catalog/468-to-be-human-part-seventeen-snakes-on-a-plain.m4a
To Be Human,18,2024-08-18,https://www.voxologypodcast.com/469-to-be-human-part-eighteen-in-hiding/,catalog/469-to-be-human-part-eighteen-in-hiding.m4a
To Be Human,19,2024-09-01,https://www.voxologypodcast.com/471-to-be-human-part-nineteen-union-of-the-snake/,catalog/471-to-be-human-part-nineteen-union-of-the-snake.m4a
To Be Human,20,2024-09-08,https://www.voxologypodcast.com/472-to-be-human-part-twenty-snakebitten/,catalog/472-to-be-human-part-twenty-snakebitten.m4a
To Be Human,21,2024-09-22,https://www.voxologypodcast.com/474-the-new-normal-part-one-to-be-human-21/,catalog/474-the-new-normal-part-one-to-be-human-21.m4a
To Be Human,22,2024-09-29,https://www.voxologypodcast.com/475-the-new-normal-part-deux-to-be-human-22/,catalog/475-the-new-normal-part-deux-to-be-human-22.m4a
To Be Human,23,2024-10-06,https://www.voxologypodcast.com/476-the-new-normal-part-three-to-be-human-23/,catalog/476-the-new-normal-part-three-to-be-human-23.m4a
To Be Human,24,2024-10-13,https://www.voxologypodcast.com/477-the-mark-of-cain-to-be-human-24/,catalog/477-the-mark-of-cain-to-be-human-24.m4a
To Be Human,25,2024-10-20,https://www.voxologypodcast.com/478-falling-short-of-gods-glory-to-be-human-25/,catalog/478-falling-short-of-gods-glory-to-be-human-25.m4a
To Be Human Live-ish,1,2024-09-15,https://www.voxologypodcast.com/473-politics-potlucks-the-churchs-place-in-american-culture/,catalog/473-politics-potlucks-the-churchs-place-in-american-culture.m4a
Together in Process,1,2020-01-13,https://www.voxologypodcast.com/224-together-in-process/,catalog/224-together-in-process.mp3
Together in Process,2,2020-03-23,https://www.voxologypodcast.com/234-scars-not-wounds-with-mike-erre/,catalog/234-scars-not-wounds-with-mike-erre.mp3
U2 and Theology,3,2021-09-21,https://www.voxologypodcast.com/the-wanderer-u2-there-is-no-them-there-is-only-us/,catalog/the-wanderer-u2-there-is-no-them-there-is-only-us.mp3
Understanding the Bible,1,2021-07-18,https://www.voxologypodcast.com/305-understanding-the-bible-part-one-with-dr-timothy-gombis/,catalog/305-understanding-the-bible-part-one-with-dr-timothy-gombis.mp3
Understanding the Bible,2,2021-07-25,https://www.voxologypodcast.com/306-understanding-the-bible-part-two-with-joshua-ryan-butler/,catalog/306-understanding-the-bible-part-two-with-joshua-ryan-butler.mp3
Understanding the Bible,3,2021-08-01,https://www.voxologypodcast.com/307-understanding-the-bible-part-three-with-dr-amy-jill-levine/,catalog/307-understanding-the-bible-part-three-with-dr-amy-jill-levine.mp3
Understanding the Bible,4,2021-08-08,https://www.voxologypodcast.com/308-understanding-the-bible-part-four-with-bradley-jersak/,catalog/308-understanding-the-bible-part-four-with-bradley-jersak.mp3
Understanding the Bible,5,2021-08-15,https://www.voxologypodcast.com/309-understanding-the-bible-part-five/,catalog/309-understanding-the-bible-part-five.mp3
Understanding the Bible,6,2021-08-22,https://www.voxologypodcast.com/310-understanding-the-bible-part-six-accommodation/,catalog/310-understanding-the-bible-part-six-accommodation.mp3
Understanding the Bible,7,2021-08-29,https://www.voxologypodcast.com/311-understanding-the-bible-part-seven-accommodation-continued/,catalog/311-understanding-the-bible-part-seven-accommodation-continued.mp3
Understanding the Bible,8,2021-09-06,https://www.voxologypodcast.com/312-understanding-the-bible-part-eight-context/,catalog/312-understanding-the-bible-part-eight-context.mp3
Understanding the Bible,9,2021-09-12,https://www.voxologypodcast.com/313-understanding-the-bible-part-nine-context-continued/,catalog/313-understanding-the-bible-part-nine-context-continued.mp3
Understanding the Bible,10,2021-09-19,https://www.voxologypodcast.com/314-understanding-the-bible-part-ten-genre/,catalog/314-understanding-the-bible-part-ten-genre.mp3
Understanding the Bible,11,2021-10-17,https://www.voxologypodcast.com/318-understanding-the-bible-part-eleven-inerrancy/,catalog/318-understanding-the-bible-part-eleven-inerrancy.mp3
Understanding the Bible,12,2021-11-07,https://www.voxologypodcast.com/321-understanding-the-bible-part-twelve-interpretation/,catalog/321-understanding-the-bible-part-twelve-interpretation.mp3
Unified,1,2022-01-23,https://www.voxologypodcast.com/332-unified-part-one-lines-and-erasers/,catalog/332-unified-part-one-lines-and-erasers.mp3
Unified,2,2022-01-30,https://www.voxologypodcast.com/333-unified-part-two-if-i-should-fall-behind/,catalog/333-unified-part-two-if-i-should-fall-behind.mp3
Unified,3,2022-02-06,https://www.voxologypodcast.com/334-unified-part-three-treating-symptoms-roots/,catalog/334-unified-part-three-treating-symptoms-roots.mp3
Unified,4,2022-02-13,https://www.voxologypodcast.com/335-unified-part-four-earning-the-right-to-be-heard/,catalog/335-unified-part-four-earning-the-right-to-be-heard.mp3
Unified,5,2022-02-20,https://www.voxologypodcast.com/336-unified-part-five-defining-the-center/,catalog/336-unified-part-five-defining-the-center.mp3
Unified,6,2022-02-27,https://www.voxologypodcast.com/338-unified-part-six-war-centered-relational-dynamics/,catalog/338-unified-part-six-war-centered-relational-dynamics.mp3
VOX,1,2016-09-12,https://www.voxologypodcast.com/1-why-gay-marriage-is-good-for-the-church/,catalog/1-why-gay-marriage-is-good-for-the-church.mp3
VOX,3,2016-09-12,https://www.voxologypodcast.com/3-worlds-worst-sinner/,catalog/3-worlds-worst-sinner.mp3
VOX Mini,1,2019-12-02,https://www.voxologypodcast.com/2221-vox-mini-why-didnt-god-give-us-all-the-answers/,catalog/2221-vox-mini-why-didnt-god-give-us-all-the-answers.mp3
VOX Mini,2,2019-12-16,https://www.voxologypodcast.com/2232-vox-mini-privilege-kerfuffle-liberal-co-hosts/,catalog/2232-vox-mini-privilege-kerfuffle-liberal-co-hosts.mp3
VOX Mini,3,2019-09-11,https://www.voxologypodcast.com/2123-vox-mini-should-i-stay-at-a-church-that-teaches-reformed-theology/,catalog/2123-vox-mini-should-i-stay-at-a-church-that-teaches-reformed-theology.mp3
VOX Mini,4,2019-09-12,https://www.voxologypodcast.com/2124-vox-mini-why-does-the-church-talk-about-tithing/,catalog/2124-vox-mini-why-does-the-church-talk-about-tithing.mp3
VOX Mini,5,2019-09-13,https://www.voxologypodcast.com/2125-vox-mini-what-is-the-best-way-to-reconcile-the-ot-and-the-nt/,catalog/2125-vox-mini-what-is-the-best-way-to-reconcile-the-ot-and-the-nt.mp3
VOX Mini,6,2019-09-10,https://www.voxologypodcast.com/2122-vox-mini-should-infants-be-baptized/,catalog/2122-vox-mini-should-infants-be-baptized.mp3
VOX Mini,7,2019-09-09,https://www.voxologypodcast.com/2121-vox-mini-what-are-your-favorite-books/,catalog/2121-vox-mini-what-are-your-favorite-books.mp3
VOX Mini,8,2020-01-06,https://www.voxologypodcast.com/2235-vox-mini-you-are-enough-body-image-shame-culture/,catalog/2235-vox-mini-you-are-enough-body-image-shame-culture.mp3
VOX Mini,9,2019-12-30,https://www.voxologypodcast.com/2234-vox-mini-biblical-womanhood/,catalog/2234-vox-mini-biblical-womanhood.mp3
VOX Mini,10,2019-12-23,https://www.voxologypodcast.com/2233-vox-mini-the-panhead-strikes-back/,catalog/2233-vox-mini-the-panhead-strikes-back.mp3
VOX Mini,11,2019-12-10,https://www.voxologypodcast.com/2231-vox-mini-why-table-fellowship-and-youtube-channel-launch/,catalog/2231-vox-mini-why-table-fellowship-and-youtube-channel-launch.mp3
VOX Mini,12,2019-12-06,https://www.voxologypodcast.com/2223-vox-mini-thoughts-questions-and-more-information-on-micro-communities/,catalog/2223-vox-mini-thoughts-questions-and-more-information-on-micro-communities.mp3
VOX Mini,13,2019-12-04,https://www.voxologypodcast.com/2222-vox-mini-feedback-on-frow/,catalog/2222-vox-mini-feedback-on-frow.mp3
VOXOLOGY Rerun,1,2023-10-26,https://www.voxologypodcast.com/voxology-rerun-midnight-mass-with-kaitlyn-schiess/,catalog/voxology-rerun-midnight-mass-with-kaitlyn-schiess.mp3
Wake Up Dead Man: God is Not in Control,1,2020-04-20,https://www.voxologypodcast.com/239-god-is-not-in-control-part-1-with-tim-gombis/,catalog/239-god-is-not-in-control-part-1-with-tim-gombis.mp3
Wake Up Dead Man: God is Not in Control,2,2020-04-27,https://www.voxologypodcast.com/240-wake-up-dead-man-god-is-not-in-control-part-2-with-tim-gombis/,catalog/240-wake-up-dead-man-god-is-not-in-control-part-2-with-tim-gombis.mp3
What Does It Mean To Be Biblical?,1,2025-05-26,https://www.voxologypodcast.com/why-biblical-might-not-mean-what-you-think/,catalog/why-biblical-might-not-mean-what-you-think.mp3
What Does It Mean To Be Biblical?,2,2025-05-19,https://www.voxologypodcast.com/discernment-cruciformity-is-active-not-passive/,catalog/discernment-cruciformity-is-active-not-passive.mp3
What's Up 1 Timothy,2,2022-11-27,https://www.voxologypodcast.com/379-whats-up-1-timothy-2/,catalog/379-whats-up-1-timothy-2.mp3
Why People are Leaving the Church But We Haven't,1,2016-09-20,https://www.voxologypodcast.com/47-why-people-are-leaving-the-church-part-1/,catalog/47-why-people-are-leaving-the-church-part-1.mp3
Why People are Leaving the Church But We Haven't,2,2016-10-03,https://www.voxologypodcast.com/48-why-people-are-leaving-the-church-part-2/,catalog/48-why-people-are-leaving-the-church-part-2.mp3
Why People are Leaving the Church But We Haven't,3,2016-10-14,https://www.voxologypodcast.com/49-why-people-are-leaving-the-church-pt-3-but-we-havent-guest-izzy-ray/,catalog/49-why-people-are-leaving-the-church-pt-3-but-we-havent-guest-izzy-ray.mp3
Women as Elders,1,2022-12-18,https://www.voxologypodcast.com/382-women-as-elders/,catalog/382-women-as-elders.mp3
Women in Leadership,2,2016-09-14,https://www.voxologypodcast.com/46-women-in-leadership-guest-bonnie-lewis/,catalog/46-women-in-leadership-guest-bonnie-lewis.mp3
